,seq,start,end,length,frame,dominance_ratio,frameshift_boolean,frameshift_details
0,ATGCACTTTGTCCGAACAACTGGACTTTATTGA,900,933,33,0,0.001,,
1,ATGTCCAAATTTTGTATTTCCCTTAAATTCCATAATCAAGACTATTCAACCAAGGGTTGA,1071,1131,60,0,0.001,,
2,ATGCAACCAAATGTGCCTTTCAACTCTCATGAAGTGTGA,1197,1236,39,0,0.001,,
3,ATGGCAGACGGGCGATTTTGTTAA,1254,1278,24,0,0.0,,
4,ATGTCACAATTCAGAAGTAGGACCTGA,1380,1407,27,0,0.0,,
5,ATGGGCAGATAA,5268,5280,12,0,0.0,,
6,ATGTGA,6057,6063,6,0,0.0,,
7,ATGGGATTTAACTGCTTTTGGCTTAGTTGCAGAGTGGTTTTTGGCATATATTCTTTTCACTAG,7209,7272,63,0,0.001,,
8,ATGGAAAAGTTATGTGCATGTTGTAGACGGTTGTAA,7443,7479,36,0,0.001,,
9,ATGTACAACTATTGTTAA,7530,7548,18,0,0.0,,
10,ATGTGA,7908,7914,6,0,0.0,,
11,ATGTCTTAA,8223,8232,9,0,0.0,,
12,ATGGAACGTTAA,8400,8412,12,0,0.0,,
13,ATGTGCAACTACTAG,8493,8508,15,0,0.0,,
14,ATGGTTTAG,8772,8781,9,0,0.0,,
15,ATGTACAATTTTTAA,9018,9033,15,0,0.0,,
16,ATGGGTACTTAA,9273,9285,12,0,0.0,,
17,ATGCCTTGCCTACTATTTTATGAGGTTTAG,9438,9468,30,0,0.0,,
18,ATGTGCTATGAGGCCCAATTTCACTATTAA,10434,10464,30,0,0.0,,
19,ATGTGGTAG,10485,10494,9,0,0.0,,
20,ATGCTCAGGTGTTACTTTCCAAAGTGCAGTGAAAAGAACAATCAAGGGTACACACCACTGGTTGTTACTCACAATTTTGACTTCACTTTTAGTTTTAGTCCAGAGTACTCAATGGTCTTTGTTCTTTTTTTTGTATGA,10950,11088,138,0,0.002,,
21,ATGGTTGGATATGGTTGA,11259,11277,18,0,0.0,,
22,ATGTGTCCAGTTACACAATGA,11934,11955,21,0,0.0,,
23,ATGGCCTCTTATTGTAACAGCTTTAAGGGCCAATTCTGCTGTCAAATTACAGAATAA,12633,12690,57,0,0.001,,
24,ATGGGCTAG,12840,12849,9,0,0.0,,
25,ATGGTACCACATATATCACGTCAACGTCTTACTAAATACACAATGGCAGACCTCGTCTATGCTTTAAGGCATTTTGATGAAGGTAATTGTGACACATTAAAAGAAATACTTGTCACATACAATTGTTGTGATGATGATTATTTCAATAAAAAGGACTGGTATGATTTTGTAGAAAACCCAGATATATTACGCGTATACGCCAACTTAGGTGAACGTGTACGCCAAGCTTTGTTAAAAACAGTACAATTCTGTGATGCCATGCGAAATGCTGGTATTGTTGGTGTACTGACATTAGATAATCAAGATCTCAATGGTAACTGGTATGATTTCGGTGATTTCATACAAACCACGCCAGGTAGTGGAGTTCCTGTTGTAGATTCTTATTATTCATTGTTAATGCCTATATTAACCTTGACCAGGGCTTTAACTGCAGAGTCACATGTTGACACTGACTTAACAAAGCCTTACATTAAGTGGGATTTGTTAAAATATGACTTCACGGAAGAGAGGTTAAAACTCTTTGACCGTTATTTTAAATATTGGGATCAGACATACCACCCAAATTGTGTTAACTGTTTGGATGACAGATGCATTCTGCATTGTGCAAACTTTAATGTTTTATTCTCTACAGTGTTCCCACCTACAAGTTTTGGACCACTAGTGAGAAAAATATTTGTTGATGGTGTTCCATTTGTAGTTTCAACTGGATACCACTTCAGAGAGCTAGGTGTTGTACATAATCAGGATGTAAACTTACATAGCTCTAGACTTAGTTTTAAGGAATTACTTGTGTATGCTGCTGACCCTGCTATGCACGCTGCTTCTGGTAATCTATTACTAGATAAACGCACTACGTGCTTTTCAGTAGCTGCACTTACTAACAATGTTGCTTTTCAAACTGTCAAACCCGGTAATTTTAACAAAGACTTCTATGACTTTGCTGTGTCTAAGGGTTTCTTTAAGGAAGGAAGTTCTGTTGAATTAAAACACTTCTTCTTTGCTCAGGATGGTAATGCTGCTATCAGCGATTATGACTACTATCGTTATAATCTACCAACAATGTGTGATATCAGACAACTACTATTTGTAGTTGAAGTTGTTGATAAGTACTTTGATTGTTACGATGGTGGCTGTATTAATGCTAACCAAGTCATCGTCAACAACCTAGACAAATCAGCTGGTTTTCCATTTAATAAATGGGGTAAGGCTAGACTTTATTATGATTCAATGAGTTATGAGGATCAAGATGCACTTTTCGCATATACAAAACGTAATGTCATCCCTACTATAACTCAAATGAATCTTAAGTATGCCATTAGTGCAAAGAATAGAGCTCGCACCGTAGCTGGTGTCTCTATCTGTAGTACTATGACCAATAGACAGTTTCATCAAAAATTATTGAAATCAATAGCCGCCACTAGAGGAGCTACTGTAGTAATTGGAACAAGCAAATTCTATGGTGGTTGGCACAACATGTTAAAAACTGTTTATAGTGATGTAGAAAACCCTCACCTTATGGGTTGGGATTATCCTAAATGTGATAGAGCCATGCCTAACATGCTTAGAATTATGGCCTCACTTGTTCTTGCTCGCAAACATACAACGTGTTGTAGCTTGTCACACCGTTTCTATAGATTAGCTAATGAGTGTGCTCAAGTATTGAGTGAAATGGTCATGTGTGGCGGTTCACTATATGTTAAACCAGGTGGAACCTCATCAGGAGATGCCACAACTGCTTATGCTAATAGTGTTTTTAACATTTGTCAAGCTGTCACGGCCAATGTTAATGCACTTTTATCTACTGATGGTAACAAAATTGCCGATAAGTATGTCCGCAATTTACAACACAGACTTTATGAGTGTCTCTATAGAAATAGAGATGTTGACACAGACTTTGTGAATGAGTTTTACGCATATTTGCGTAAACATTTCTCAATGATGATACTCTCTGACGATGCTGTTGTGTGTTTCAATAGCACTTATGCATCTCAAGGTCTAGTGGCTAGCATAAAGAACTTTAAGTCAGTTCTTTATTATCAAAACAATGTTTTTATGTCTGAAGCAAAATGTTGGACTGAGACTGACCTTACTAAAGGACCTCATGAATTTTGCTCTCAACATACAATGCTAGTTAAACAGGGTGATGATTATGTGTACCTTCCTTACCCAGATCCATCAAGAATCCTAGGGGCCGGCTGTTTTGTAGATGATATCGTAAAAACAGATGGTACACTTATGATTGAACGGTTCGTGTCTTTAGCTATAGATGCTTACCCACTTACTAAACATCCTAATCAGGAGTATGCTGATGTCTTTCATTTGTACTTACAATACATAAGAAAGCTACATGATGAGTTAACAGGACACATGTTAGACATGTATTCTGTTATGCTTACTAATGATAACACTTCAAGGTATTGGGAACCTGAGTTTTATGAGGCTATGTACACACCGCATACAGTCTTACAGGCTGTTGGGGCTTGTGTTCTTTGCAATTCACAGACTTCATTAAGATGTGGTGCTTGCATACGTAGACCATTCTTATGTTGTAAATGCTGTTACGACCATGTCATATCAACATCACATAAATTAGTCTTGTCTGTTAATCCGTATGTTTGCAATGCTCCAGGTTGTGATGTCACAGATGTGACTCAACTTTACTTAGGAGGTATGAGCTATTATTGTAAATCACATAAACCACCCATTAGTTTTCCATTGTGTGCTAATGGACAAGTTTTTGGTTTATATAAAAATACATGTGTTGGTAGCGATAATGTTACTGACTTTAATGCAATTGCAACATGTGACTGGACAAATGCTGGTGATTACATTTTAGCTAACACCTGTACTGAAAGACTCAAGCTTTTTGCAGCAGAAACGCTCAAAGCTACTGAGGAGACATTTAAACTGTCTTATGGTATTGCTACTGTACGTGAAGTGCTGTCTGACAGAGAATTACATCTTTCATGGGAAGTTGGTAAACCTAGACCACCACTTAACCGAAATTATGTCTTTACTGGTTATCGTGTAACTAAAAACAGTAAAGTACAAATAGGAGAGTACACCTTTGAAAAAGGTGACTATGGTGATGCTGTTGTTTACCGAGGTACAACAACTTACAAATTAAATGTTGGTGATTATTTTGTGCTGACATCACATACAGTAATGCCATTAAGTGCACCTACACTAGTGCCACAAGAGCACTATGTTAGAATTACTGGCTTATACCCAACACTCAATATCTCAGATGAGTTTTCTAGCAATGTTGCAAATTATCAAAAGGTTGGTATGCAAAAGTATTCTACACTCCAGGGACCACCTGGTACTGGTAAGAGTCATTTTGCTATTGGCCTAGCTCTCTACTACCCTTCTGCTCGCATAGTGTATACAGCTTGCTCTCATGCCGCTGTTGATGCACTATGTGAGAAGGCATTAAAATATTTGCCTATAGATAAATGTAGTAGAATTATACCTGCACGTGCTCGTGTAGAGTGTTTTGATAAATTCAAAGTGAATTCAACATTAGAACAGTATGTCTTTTGTACTGTAAATGCATTGCCTGAGACGACAGCAGATATAGTTGTCTTTGATGAAATTTCAATGGCCACAAATTATGATTTGAGTGTTGTCAATGCCAGATTACGTGCTAAGCACTATGTGTACATTGGCGACCCTGCTCAATTACCTGCACCACGCACATTGCTAACTAAGGGCACACTAGAACCAGAATATTTCAATTCAGTGTGTAGACTTATGAAAACTATAGGTCCAGACATGTTCCTCGGAACTTGTCGGCGTTGTCCTGCTGAAATTGTTGACACTGTGAGTGCTTTGGTTTATGATAATAAGCTTAAAGCACATAAAGACAAATCAGCTCAATGCTTTAAAATGTTTTATAAGGGTGTTATCACGCATGATGTTTCATCTGCAATTAACAGGCCACAAATAGGCGTGGTAAGAGAATTCCTTACACGTAACCCTGCTTGGAGAAAAGCTGTCTTTATTTCACCTTATAATTCACAGAATGCTGTAGCCTCAAAGATTTTGGGACTACCAACTCAAACTGTTGATTCATCACAGGGCTCAGAATATGACTATGTCATATTCACTCAAACCACTGAAACAGCTCACTCTTGTAATGTAAACAGATTTAATGTTGCTATTACCAGAGCAAAAGTAGGCATACTTTGCATAATGTCTGATAGAGACCTTTATGACAAGTTGCAATTTACAAGTCTTGAAATTCCACGTAGGAATGTGGCAACTTTACAAGCTGAAAATGTAACAGGACTCTTTAAAGATTGTAGTAAGGTAATCACTGGGTTACATCCTACACAGGCACCTACACACCTCAGTGTTGACACTAAATTCAAAACTGAAGGTTTATGTGTTGACATACCTGGCATACCTAAGGACATGACCTATAGAAGACTCATCTCTATGATGGGTTTTAAAATGAATTATCAAGTTAATGGTTACCCTAACATGTTTATCACCCGCGAAGAAGCTATAAGACATGTACGTGCATGGATTGGCTTCGATGTCGAGGGGTGTCATGCTACTAGAGAAGCTGTTGGTACCAATTTACCTTTACAGCTAGGTTTTTCTACAGGTGTTAACCTAGTTGCTGTACCTACAGGTTATGTTGATACACCTAATAATACAGATTTTTCCAGAGTTAGTGCTAAACCACCGCCTGGAGATCAATTTAAACACCTCATACCACTTATGTACAAAGGACTTCCTTGGAATGTAGTGCGTATAAAGATTGTACAAATGTTAAGTGACACACTTAAAAATCTCTCTGACAGAGTCGTATTTGTCTTATGGGCACATGGCTTTGAGTTGACATCTATGAAGTATTTTGTGAAAATAGGACCTGAGCGCACCTGTTGTCTATGTGATAGACGTGCCACATGCTTTTCCACTGCTTCAGACACTTATGCCTGTTGGCATCATTCTATTGGATTTGATTACGTCTATAATCCGTTTATGATTGATGTTCAACAATGGGGTTTTACAGGTAACCTACAAAGCAACCATGATCTGTATTGTCAAGTCCATGGTAATGCACATGTAGCTAGTTGTGATGCAATCATGACTAGGTGTCTAGCTGTCCACGAGTGCTTTGTTAAGCGTGTTGACTGGACTATTGAATATCCTATAATTGGTGATGAACTGAAGATTAATGCGGCTTGTAGAAAGGTTCAACACATGGTTGTTAAAGCTGCATTATTAGCAGACAAATTCCCAGTTCTTCACGACATTGGTAACCCTAAAGCTATTAAGTGTGTACCTCAAGCTGATGTAGAATGGAAGTTCTATGATGCACAGCCTTGTAGTGACAAAGCTTATAAAATAGAAGAATTATTCTATTCTTATGCCACACATTCTGACAAATTCACAGATGGTGTATGCCTATTTTGGAATTGCAATGTCGATAGATATCCTGCTAATTCCATTGTTTGTAGATTTGACACTAGAGTGCTATCTAACCTTAACTTGCCTGGTTGTGATGGTGGCAGTTTGTATGTAAATAAACATGCATTCCACACACCAGCTTTTGATAAAAGTGCTTTTGTTAATTTAAAACAATTACCATTTTTCTATTACTCTGACAGTCCATGTGAGTCTCATGGAAAACAAGTAGTGTCAGATATAGATTATGTACCACTAAAGTCTGCTACGTGTATAACACGTTGCAATTTAGGTGGTGCTGTCTGTAGACATCATGCTAATGAGTACAGATTGTATCTCGATGCTTATAACATGATGATCTCAGCTGGCTTTAGCTTGTGGGTTTACAAACAATTTGATACTTATAACCTCTGGAACACTTTTACAAGACTTCAGAGTTTAGAAAATGTGGCTTTTAATGTTGTAAATAAGGGACACTTTGATGGACAACAGGGTGAAGTACCAGTTTCTATCATTAATAACACTGTTTACACAAAAGTTGATGGTGTTGATGTAGAATTGTTTGAAAATAAAACAACATTACCTGTTAATGTAGCATTTGAGCTTTGGGCTAAGCGCAACATTAAACCAGTACCAGAGGTGAAAATACTCAATAATTTGGGTGTGGACATTGCTGCTAATACTGTGATCTGGGACTACAAAAGAGATGCTCCAGCACATATATCTACTATTGGTGTTTGTTCTATGACTGACATAGCCAAGAAACCAACTGAAACGATTTGTGCACCACTCACTGTCTTTTTTGATGGTAGAGTTGATGGTCAAGTAGACTTATTTAGAAATGCCCGTAATGGTGTTCTTATTACAGAAGGTAGTGTTAAAGGTTTACAACCATCTGTAGGTCCCAAACAAGCTAGTCTTAATGGAGTCACATTAATTGGAGAAGCCGTAAAAACACAGTTCAATTATTATAAGAAAGTTGATGGTGTTGTCCAACAATTACCTGAAACTTACTTTACTCAGAGTAGAAATTTACAAGAATTTAAACCCAGGAGTCAAATGGAAATTGATTTCTTAGAATTAGCTATGGATGAATTCATTGAACGGTATAAATTAGAAGGCTATGCCTTCGAACATATCGTTTATGGAGATTTTAGTCATAGTCAGTTAGGTGGTTTACATCTACTGATTGGACTAGCTAAACGTTTTAAGGAATCACCTTTTGAATTAGAAGATTTTATTCCTATGGACAGTACAGTTAAAAACTATTTCATAACAGATGCGCAAACAGGTTCATCTAAGTGTGTGTGTTCTGTTATTGATTTATTACTTGATGATTTTGTTGAAATAATAAAATCCCAAGATTTATCTGTAGTTTCTAAGGTTGTCAAAGTGACTATTGACTATACAGAAATTTCATTTATGCTTTGGTGTAAAGATGGCCATGTAGAAACATTTTACCCAAAATTACAATCTAGTCAAGCGTGGCAACCGGGTGTTGCTATGCCTAATCTTTACAAAATGCAAAGAATGCTATTAGAAAAGTGTGACCTTCAAAATTATGGTGATAGTGCAACATTACCTAAAGGCATAATGATGAATGTCGCAAAATATACTCAACTGTGTCAATATTTAAACACATTAACATTAGCTGTACCCTATAATATGAGAGTTATACATTTTGGTGCTGGTTCTGATAAAGGAGTTGCACCAGGTACAGCTGTTTTAAGACAGTGGTTGCCTACGGGTACGCTGCTTGTCGATTCAGATCTTAATGACTTTGTCTCTGATGCAGATTCAACTTTGATTGGTGATTGTGCAACTGTACATACAGCTAATAAATGGGATCTCATTATTAGTGATATGTACGACCCTAAGACTAAAAATGTTACAAAAGAAAATGACTCTAAAGAGGGTTTTTTCACTTACATTTGTGGGTTTATACAACAAAAGCTAGCTCTTGGAGGTTCCGTGGCTATAAAGATAACAGAACATTCTTGGAATGCTGATCTTTATAAGCTCATGGGACACTTCGCATGGTGGACAGCCTTTGTTACTAATGTGAATGCGTCATCATCTGAAGCATTTTTAATTGGATGTAATTATCTTGGCAAACCACGCGAACAAATAGATGGTTATGTCATGCATGCAAATTACATATTTTGGAGGAATACAAATCCAATTCAGTTGTCTTCCTATTCTTTATTTGACATGAGTAAATTTCCCCTTAAATTAAGGGGTACTGCTGTTATGTCTTTAAAAGAAGGTCAAATCAATGATATGATTTTATCTCTTCTTAGTAAAGGTAGACTTATAATTAGAGAAAACAACAGAGTTGTTATTTCTAGTGATGTTCTTGTTAACAACTAA,13767,21555,7788,0,0.121,,
26,ATGTGTCAATTTCAACTTCAATGGTTTAACAGGCACAGGTGTTCTTACTGA,23172,23223,51,0,0.001,,
27,ATGTTCTTTTGGTGGTGTCAGTGTTATAACACCAGGAACAAATACTTCTAA,23328,23379,51,0,0.001,,
28,ATGCGCTAG,23571,23580,9,0,0.0,,
29,ATGCAGCAATCTTTTGTTGCAATATGGCAGTTTTTGTACACAATTAAACCGTGCTTTAACTGGAATAGCTGTTGA,23805,23880,75,0,0.001,,
30,ATGGCCATGGTACATTTGGCTAGGTTTTATAGCTGGCTTGATTGCCATAGTAATGGTGACAATTATGCTTTGCTGTATGACCAGTTGCTGTAG,25194,25287,93,0,0.001,,
31,ATGGATTTGTTTATGAGAATCTTCACAATTGGAACTGTAACTTTGAAGCAAGGTGAAATCAAGGATGCTACTCCTTCAGATTTTGTTCGCGCTACTGCAACGATACCGATACAAGCCTCACTCCCTTTCGGATGGCTTATTGTTGGCGTTGCACTTCTTGCTGTTTTTCAGAGCGCTTCCAAAATCATAACCCTCAAAAAGAGATGGCAACTAGCACTCTCCAAGGGTGTTCACTTTGTTTGCAACTTGCTGTTGTTGTTTGTAACAGTTTACTCACACCTTTTGCTCGTTGCTGCTGGCCTTGAAGCCCCTTTTCTCTATCTTTATGCTTTAGTCTACTTCTTGCAGAGTATAAACTTTGTAAGAATAATAATGAGGCTTTGGCTTTGCTGGAAATGCCGTTCCAAAAACCCATTACTTTATGATGCCAACTATTTTCTTTGCTGGCATACTAATTGTTACGACTATTGTATACCTTACAATAGTGTAACTTCTTCAATTGTCATTACTTCAGGTGATGGCACAACAAGTCCTATTTCTGAACATGACTACCAGATTGGTGGTTATACTGAAAAATGGGAATCTGGAGTAAAAGACTGTGTTGTATTACACAGTTACTTCACTTCAGACTATTACCAGCTGTACTCAACTCAATTGAGTACAGACACTGGTGTTGAACATGTTACCTTCTTCATCTACAATAAAATTGTTGATGAGCCTGAAGAACATGTCCAAATTCACACAATCGACGGTTCATCCGGAGTTGTTAATCCAGTAATGGAACCAATTTATGATGAACCGACGACGACTACTAGCGTGCCTTTGTAA,25392,26220,828,0,0.013,,
32,ATGTACTCATTCGTTTCGGAAGAGACAGGTACGTTAATAGTTAATAGCGTACTTCTTTTTCTTGCTTTCGTGGTATTCTTGCTAGTTACACTAGCCATCCTTACTGCGCTTCGATTGTGTGCGTACTGCTGCAATATTGTTAACGTGAGTCTTGTAAAACCTTCTTTTTACGTTTACTCTCGTGTTAAAAATCTGAATTCTTCTAGAGTTCCTGATCTTCTGGTCTAA,26244,26472,228,0,0.004,,
33,ATGCCAACAGGAATAGGTTTTTGTATATAA,26637,26667,30,0,0.0,,
34,ATGGCACTATTCTGA,26895,26910,15,0,0.0,,
35,ATGTTTCATCTCGTTGACTTTCAGGTTACTATAGCAGAGATATTACTAATTATTATGAGGACTTTTAAAGTTTCCATTTGGAATCTTGATTACATCATAAACCTCATAATTAAAAATTTATCTAAGTCACTAACTGAGAATAAATATTCTCAATTAGATGAAGAGCAACCAATGGAGATTGATTAA,27201,27387,186,0,0.003,,
36,ATGAAAATTATTCTTTTCTTGGCACTGATAACACTCGCTACTTGTGAGCTTTATCACTACCAAGAGTGTGTTAGAGGTACAACAGTACTTTTAAAAGAACCTTGCTCTTCTGGAACATACGAGGGCAATTCACCATTTCATCCTCTAGCTGATAACAAATTTGCACTGACTTGCTTTAGCACTCAATTTGCTTTTGCTTGTCCTGACGGCGTAAAACACGTCTATCAGTTACGTGCCAGATCAGTTTCACCTAAACTGTTCATCAGACAAGAGGAAGTTCAAGAACTTTACTCTCCAATTTTTCTTATTGTTGCGGCAATAGTGTTTATAACACTTTGCTTCACACTCAAAAGAAAGACAGAATGA,27393,27759,366,0,0.006,,
37,ATGAAACTTGTCACGCCTAAACGAACATGA,27867,27897,30,0,0.0,,
38,ATGTAG,27984,27990,6,0,0.0,,
39,ATGACCCGTGTCCTATTCACTTCTATTCTAAATGGTATATTAGAGTAG,27993,28041,48,0,0.001,,
40,ATGAGGCTGGTTCTAAATCACCCATTCAGTACATCGATATCGGTAATTATACAGTTTCCTGTTTACCTTTTACAATTAATTGCCAGGAACCTAAATTGGGTAGTCTTGTAG,28080,28191,111,0,0.002,,
41,ATGAAGACTTTTTAG,28206,28221,15,0,0.0,,
42,ATGACGTTCGTGTTGTTTTAG,28227,28248,21,0,0.0,,
43,ATGGTATTTCTACTACCTAGGAACTGGGCCAGAAGCTGGACTTCCCTATGGTGCTAA,28593,28650,57,0,0.001,,
44,ATGGGTTGCAACTGA,28665,28680,15,0,0.0,,
45,ATGTGTAAAATTAATTTTAGTAGTGCTATCCCCATGTGA,29805,29844,39,0,0.001,,
46,ATGCTTAGTGCACTCACGCAGTATAATTAA,106,136,30,1,0.0,,
47,ATGGAGAGCCTTGTCCCTGGTTTCAACGAGAAAACACACGTCCAACTCAGTTTGCCTGTTTTACAGGTTCGCGACGTGCTCGTACGTGGCTTTGGAGACTCCGTGGAGGAGGTCTTATCAGAGGCACGTCAACATCTTAAAGATGGCACTTGTGGCTTAGTAGAAGTTGAAAAAGGCGTTTTGCCTCAACTTGAACAGCCCTATGTGTTCATCAAACGTTCGGATGCTCGAACTGCACCTCATGGTCATGTTATGGTTGAGCTGGTAGCAGAACTCGAAGGCATTCAGTACGGTCGTAGTGGTGAGACACTTGGTGTCCTTGTCCCTCATGTGGGCGAAATACCAGTGGCTTACCGCAAGGTTCTTCTTCGTAAGAACGGTAATAAAGGAGCTGGTGGCCATAGTTACGGCGCCGATCTAAAGTCATTTGACTTAGGCGACGAGCTTGGCACTGATCCTTATGAAGATTTTCAAGAAAACTGGAACACTAAACATAGCAGTGGTGTTACCCGTGAACTCATGCGTGAGCTTAACGGAGGGGCATACACTCGCTATGTCGATAACAACTTCTGTGGCCCTGATGGCTACCCTCTTGAGTGCATTAAAGACCTTCTAGCACGTGCTGGTAAAGCTTCATGCACTTTGTCCGAACAACTGGACTTTATTGACACTAAGAGGGGTGTATACTGCTGCCGTGAACATGAGCATGAAATTGCTTGGTACACGGAACGTTCTGAAAAGAGCTATGAATTGCAGACACCTTTTGAAATTAAATTGGCAAAGAAATTTGACACCTTCAATGGGGAATGTCCAAATTTTGTATTTCCCTTAAATTCCATAATCAAGACTATTCAACCAAGGGTTGAAAAGAAAAAGCTTGATGGCTTTATGGGTAGAATTCGATCTGTCTATCCAGTTGCGTCACCAAATGAATGCAACCAAATGTGCCTTTCAACTCTCATGAAGTGTGATCATTGTGGTGAAACTTCATGGCAGACGGGCGATTTTGTTAAAGCCACTTGCGAATTTTGTGGCACTGAGAATTTGACTAAAGAAGGTGCCACTACTTGTGGTTACTTACCCCAAAATGCTGTTGTTAAAATTTATTGTCCAGCATGTCACAATTCAGAAGTAGGACCTGAGCATAGTCTTGCCGAATACCATAATGAATCTGGCTTGAAAACCATTCTTCGTAAGGGTGGTCGCACTATTGCCTTTGGAGGCTGTGTGTTCTCTTATGTTGGTTGCCATAACAAGTGTGCCTATTGGGTTCCACGTGCTAGCGCTAACATAGGTTGTAACCATACAGGTGTTGTTGGAGAAGGTTCCGAAGGTCTTAATGACAACCTTCTTGAAATACTCCAAAAAGAGAAAGTCAACATCAATATTGTTGGTGACTTTAAACTTAATGAAGAGATCGCCATTATTTTGGCATCTTTTTCTGCTTCCACAAGTGCTTTTGTGGAAACTGTGAAAGGTTTGGATTATAAAGCATTCAAACAAATTGTTGAATCCTGTGGTAATTTTAAAGTTACAAAAGGAAAAGCTAAAAAAGGTGCCTGGAATATTGGTGAACAGAAATCAATACTGAGTCCTCTTTATGCATTTGCATCAGAGGCTGCTCGTGTTGTACGATCAATTTTCTCCCGCACTCTTGAAACTGCTCAAAATTCTGTGCGTGTTTTACAGAAGGCCGCTATAACAATACTAGATGGAATTTCACAGTATTCACTGAGACTCATTGATGCTATGATGTTCACATCTGATTTGGCTACTAACAATCTAGTTGTAATGGCCTACATTACAGGTGGTGTTGTTCAGTTGACTTCGCAGTGGCTAACTAACATCTTTGGCACTGTTTATGAAAAACTCAAACCCGTCCTTGATTGGCTTGAAGAGAAGTTTAAGGAAGGTGTAGAGTTTCTTAGAGACGGTTGGGAAATTGTTAAATTTATCTCAACCTGTGCTTGTGAAATTGTCGGTGGACAAATTGTCACCTGTGCAAAGGAAATTAAGGAGAGTGTTCAGACATTCTTTAAGCTTGTAAATAAATTTTTGGCTTTGTGTGCTGACTCTATCATTATTGGTGGAGCTAAACTTAAAGCCTTGAATTTAGGTGAAACATTTGTCACGCACTCAAAGGGATTGTACAGAAAGTGTGTTAAATCCAGAGAAGAAACTGGCCTACTCATGCCTCTAAAAGCCCCAAAAGAAATTATCTTCTTAGAGGGAGAAACACTTCCCACAGAAGTGTTAACAGAGGAAGTTGTCTTGAAAACTGGTGATTTACAACCATTAGAACAACCTACTAGTGAAGCTGTTGAAGCTCCATTGGTTGGTACACCAGTTTGTATTAACGGGCTTATGTTGCTCGAAATCAAAGACACAGAAAAGTACTGTGCCCTTGCACCTAATATGATGGTAACAAACAATACCTTCACACTCAAAGGCGGTGCACCAACAAAGGTTACTTTTGGTGATGACACTGTGATAGAAGTGCAAGGTTACAAGAGTGTGAATATCACTTTTGAACTTGATGAAAGGATTGATAAAGTACTTAATGAGAAGTGCTCTGCCTATACAGTTGAACTCGGTACAGAAGTAAATGAGTTCGCCTGTGTTGTGGCAGATGCTGTCATAAAAACTTTGCAACCAGTATCTGAATTACTTACACCACTGGGCATTGATTTAGATGAGTGGAGTATGGCTACATACTACTTATTTGATGAGTCTGGTGAGTTTAAATTGGCTTCACATATGTATTGTTCTTTCTACCCTCCAGATGAGGATGAAGAAGAAGGTGATTGTGAAGAAGAAGAGTTTGAGCCATCAACTCAATATGAGTATGGTACTGAAGATGATTACCAAGGTAAACCTTTGGAATTTGGTGCCACTTCTGCTGCTCTTCAACCTGAAGAAGAGCAAGAAGAAGATTGGTTAGATGATGATAGTCAACAAACTGTTGGTCAACAAGACGGCAGTGAGGACAATCAGACAACTACTATTCAAACAATTGTTGAGGTTCAACCTCAATTAGAGATGGAACTTACACCAGTTGTTCAGACTATTGAAGTGAATAGTTTTAGTGGTTATTTAAAACTTACTGACAATGTATACATTAAAAATGCAGACATTGTGGAAGAAGCTAAAAAGGTAAAACCAACAGTGGTTGTTAATGCAGCCAATGTTTACCTTAAACATGGAGGAGGTGTTGCAGGAGCCTTAAATAAGGCTACTAACAATGCCATGCAAGTTGAATCTGATGATTACATAGCTACTAATGGACCACTTAAAGTGGGTGGTAGTTGTGTTTTAAGCGGACACAATCTTGCTAAACACTGTCTTCATGTTGTCGGCCCAAATGTTAACAAAGGTGAAGACATTCAACTTCTTAAGAGTGCTTATGAAAATTTTAATCAGCACGAAGTTCTACTTGCACCATTATTATCAGCTGGTATTTTTGGTGCTGACCCTATACATTCTTTAAGAGTTTGTGTAGATACTGTTCGCACAAATGTCTACTTAGCTGTCTTTGATAAAAATCTCTATGACAAACTTGTTTCAAGCTTTTTGGAAATGAAGAGTGAAAAGCAAGTTGAACAAAAGATCGCTGAGATTCCTAAAGAGGAAGTTAAGCCATTTATAACTGAAAGTAAACCTTCAGTTGAACAGAGAAAACAAGATGATAAGAAAATCAAAGCTTGTGTTGAAGAAGTTACAACAACTCTGGAAGAAACTAAGTTCCTCACAGAAAACTTGTTACTTTATATTGACATTAATGGCAATCTTCATCCAGATTCTGCCACTCTTGTTAGTGACATTGACATCACTTTCTTAAAGAAAGATGCTCCATATATAGTGGGTGATGTTGTTCAAGAGGGTGTTTTAACTGCTGTGGTTATACCTACTAAAAAGGCTGGTGGCACTACTGAAATGCTAGCGAAAGCTTTGAGAAAAGTGCCAACAGACAATTATATAACCACTTACCCGGGTCAGGGTTTAAATGGTTACACTGTAGAGGAGGCAAAGACAGTGCTTAAAAAGTGTAAAAGTGCCTTTTACATTCTACCATCTATTATCTCTAATGAGAAGCAAGAAATTCTTGGAACTGTTTCTTGGAATTTGCGAGAAATGCTTGCACATGCAGAAGAAACACGCAAATTAATGCCTGTCTGTGTGGAAACTAAAGCCATAGTTTCAACTATACAGCGTAAATATAAGGGTATTAAAATACAAGAGGGTGTGGTTGATTATGGTGCTAGATTTTACTTTTACACCAGTAAAACAACTGTAGCGTCACTTATCAACACACTTAACGATCTAAATGAAACTCTTGTTACAATGCCACTTGGCTATGTAACACATGGCTTAAATTTGGAAGAAGCTGCTCGGTATATGAGATCTCTCAAAGTGCCAGCTACAGTTTCTGTTTCTTCACCTGATGCTGTTACAGCGTATAATGGTTATCTTACTTCTTCTTCTAAAACACCTGAAGAACATTTTATTGAAACCATCTCACTTGCTGGTTCCTATAAAGATTGGTCCTATTCTGGACAATCTACACAACTAGGTATAGAATTTCTTAAGAGAGGTGATAAAAGTGTATATTACACTAGTAATCCTACCACATTCCACCTAGATGGTGAAGTTATCACCTTTGACAATCTTAAGACACTTCTTTCTTTGAGAGAAGTGAGGACTATTAAGGTGTTTACAACAGTAGACAACATTAACCTCCACACGCAAGTTGTGGACATGTCAATGACATATGGACAACAGTTTGGTCCAACTTATTTGGATGGAGCTGATGTTACTAAAATAAAACCTCATAATTCACATGAAGGTAAAACATTTTATGTTTTACCTAATGATGACACTCTACGTGTTGAGGCTTTTGAGTACTACCACACAACTGATCCTAGTTTTCTGGGTAGGTACATGTCAGCATTAAATCACACTAAAAAGTGGAAATACCCACAAGTTAATGGTTTAACTTCTATTAAATGGGCAGATAACAACTGTTATCTTGCCACTGCATTGTTAACACTCCAACAAATAGAGTTGAAGTTTAATCCACCTGCTCTACAAGATGCTTATTACAGAGCAAGGGCTGGTGAAGCTGCTAACTTTTGTGCACTTATCTTAGCCTACTGTAATAAGACAGTAGGTGAGTTAGGTGATGTTAGAGAAACAATGAGTTACTTGTTTCAACATGCCAATTTAGATTCTTGCAAAAGAGTCTTGAACGTGGTGTGTAAAACTTGTGGACAACAGCAGACAACCCTTAAGGGTGTAGAAGCTGTTATGTACATGGGCACACTTTCTTATGAACAATTTAAGAAAGGTGTTCAGATACCTTGTACGTGTGGTAAACAAGCTACAAAATATCTAGTACAACAGGAGTCACCTTTTGTTATGATGTCAGCACCACCTGCTCAGTATGAACTTAAGCATGGTACATTTACTTGTGCTAGTGAGTACACTGGTAATTACCAGTGTGGTCACTATAAACATATAACTTCTAAAGAAACTTTGTATTGCATAGACGGTGCTTTACTTACAAAGTCCTCAGAATACAAAGGTCCTATTACGGATGTTTTCTACAAAGAAAACAGTTACACAACAACCATAAAACCAGTTACTTATAAATTGGATGGTGTTGTTTGTACAGAAATTGACCCTAAGTTGGACAATTATTATAAGAAAGACAATTCTTATTTCACAGAGCAACCAATTGATCTTGTACCAAACCAACCATATCCAAACGCAAGCTTCGATAATTTTAAGTTTGTATGTGATAATATCAAATTTGCTGATGATTTAAACCAGTTAACTGGTTATAAGAAACCTGCTTCAAGAGAGCTTAAAGTTACATTTTTCCCTGACTTAAATGGTGATGTGGTGGCTATTGATTATAAACACTACACACCCTCTTTTAAGAAAGGAGCTAAATTGTTACATAAACCTATTGTTTGGCATGTTAACAATGCAACTAATAAAGCCACGTATAAACCAAATACCTGGTGTATACGTTGTCTTTGGAGCACAAAACCAGTTGAAACATCAAATTCGTTTGATGTACTGAAGTCAGAGGACGCGCAGGGAATGGATAATCTTGCCTGCGAAGATCTAAAACCAGTCTCTGAAGAAGTAGTGGAAAATCCTACCATACAGAAAGACGTTCTTGAGTGTAATGTGAAAACTACCGAAGTTGTAGGAGACATTATACTTAAACCAGCAAATAATAGTTTAAAAATTACAGAAGAGGTTGGCCACACAGATCTAATGGCTGCTTATGTAGACAATTCTAGTCTTACTATTAAGAAACCTAATGAATTATCTAGAGTATTAGGTTTGAAAACCCTTGCTACTCATGGTTTAGCTGCTGTTAATAGTGTCCCTTGGGATACTATAGCTAATTATGCTAAGCCTTTTCTTAACAAAGTTGTTAGTACAACTACTAACATAGTTACACGGTGTTTAAACCGTGTTTGTACTAATTATATGCCTTATTTCTTTACTTTATTGCTACAATTGTGTACTTTTACTAGAAGTACAAATTCTAGAATTAAAGCATCTATGCCGACTACTATAGCAAAGAATACTGTTAAGAGTGTCGGTAAATTTTGTCTAGAGGCTTCATTTAATTATTTGAAGTCACCTAATTTTTCTAAACTGATAAATATTATAATTTGGTTTTTACTATTAAGTGTTTGCCTAGGTTCTTTAATCTACTCAACCGCTGCTTTAGGTGTTTTAATGTCTAATTTAGGCATGCCTTCTTACTGTACTGGTTACAGAGAAGGCTATTTGAACTCTACTAATGTCACTATTGCAACCTACTGTACTGGTTCTATACCTTGTAGTGTTTGTCTTAGTGGTTTAGATTCTTTAGACACCTATCCTTCTTTAGAAACTATACAAATTACCATTTCATCTTTTAAATGGGATTTAACTGCTTTTGGCTTAGTTGCAGAGTGGTTTTTGGCATATATTCTTTTCACTAGGTTTTTCTATGTACTTGGATTGGCTGCAATCATGCAATTGTTTTTCAGCTATTTTGCAGTACATTTTATTAGTAATTCTTGGCTTATGTGGTTAATAATTAATCTTGTACAAATGGCCCCGATTTCAGCTATGGTTAGAATGTACATCTTCTTTGCATCATTTTATTATGTATGGAAAAGTTATGTGCATGTTGTAGACGGTTGTAATTCATCAACTTGTATGATGTGTTACAAACGTAATAGAGCAACAAGAGTCGAATGTACAACTATTGTTAATGGTGTTAGAAGGTCCTTTTATGTCTATGCTAATGGAGGTAAAGGCTTTTGCAAACTACACAATTGGAATTGTGTTAATTGTGATACATTCTGTGCTGGTAGTACATTTATTAGTGATGAAGTTGCGAGAGACTTGTCACTACAGTTTAAAAGACCAATAAATCCTACTGACCAGTCTTCTTACATCGTTGATAGTGTTACAGTGAAGAATGGTTCCATCCATCTTTACTTTGATAAAGCTGGTCAAAAGACTTATGAAAGACATTCTCTCTCTCATTTTGTTAACTTAGACAACCTGAGAGCTAATAACACTAAAGGTTCATTGCCTATTAATGTTATAGTTTTTGATGGTAAATCAAAATGTGAAGAATCATCTGCAAAATCAGCGTCTGTTTACTACAGTCAGCTTATGTGTCAACCTATACTGTTACTAGATCAGGCATTAGTGTCTGATGTTGGTGATAGTGCGGAAGTTGCAGTTAAAATGTTTGATGCTTACGTTAATACGTTTTCATCAACTTTTAACGTACCAATGGAAAAACTCAAAACACTAGTTGCAACTGCAGAAGCTGAACTTGCAAAGAATGTGTCCTTAGACAATGTCTTATCTACTTTTATTTCAGCAGCTCGGCAAGGGTTTGTTGATTCAGATGTAGAAACTAAAGATGTTGTTGAATGTCTTAAATTGTCACATCAATCTGACATAGAAGTTACTGGCGATAGTTGTAATAACTATATGCTCACCTATAACAAAGTTGAAAACATGACACCCCGTGACCTTGGTGCTTGTATTGACTGTAGTGCGCGTCATATTAATGCGCAGGTAGCAAAAAGTCACAACATTGCTTTGATATGGAACGTTAAAGATTTCATGTCATTGTCTGAACAACTACGAAAACAAATACGTAGTGCTGCTAAAAAGAATAACTTACCTTTTAAGTTGACATGTGCAACTACTAGACAAGTTGTTAATGTTGTAACAACAAAGATAGCACTTAAGGGTGGTAAAATTGTTAATAATTGGTTGAAGCAGTTAATTAAAGTTACACTTGTGTTCCTTTTTGTTGCTGCTATTTTCTATTTAATAACACCTGTTCATGTCATGTCTAAACATACTGACTTTTCAAGTGAAATCATAGGATACAAGGCTATTGATGGTGGTGTCACTCGTGACATAGCATCTACAGATACTTGTTTTGCTAACAAACATGCTGATTTTGACACATGGTTTAGCCAGCGTGGTGGTAGTTATACTAATGACAAAGCTTGCCCATTGATTGCTGCAGTCATAACAAGAGAAGTGGGTTTTGTCGTGCCTGGTTTGCCTGGCACGATATTACGCACAACTAATGGTGACTTTTTGCATTTCTTACCTAGAGTTTTTAGTGCAGTTGGTAACATCTGTTACACACCATCAAAACTTATAGAGTACACTGACTTTGCAACATCAGCTTGTGTTTTGGCTGCTGAATGTACAATTTTTAAAGATGCTTCTGGTAAGCCAGTACCATATTGTTATGATACCAATGTACTAGAAGGTTCTGTTGCTTATGAAAGTTTACGCCCTGACACACGTTATGTGCTCATGGATGGCTCTATTATTCAATTTCCTAACACCTACCTTGAAGGTTCTGTTAGAGTGGTAACAACTTTTGATTCTGAGTACTGTAGGCACGGCACTTGTGAAAGATCAGAAGCTGGTGTTTGTGTATCTACTAGTGGTAGATGGGTACTTAACAATGATTATTACAGATCTTTACCAGGAGTTTTCTGTGGTGTAGATGCTGTAAATTTACTTACTAATATGTTTACACCACTAATTCAACCTATTGGTGCTTTGGACATATCAGCATCTATAGTAGCTGGTGGTATTGTAGCTATCGTAGTAACATGCCTTGCCTACTATTTTATGAGGTTTAGAAGAGCTTTTGGTGAATACAGTCATGTAGTTGCCTTTAATACTTTACTATTCCTTATGTCATTCACTGTACTCTGTTTAACACCAGTTTACTCATTCTTACCTGGTGTTTATTCTGTTATTTACTTGTACTTGACATTTTATCTTACTAATGATGTTTCTTTTTTAGCACATATTCAGTGGATGGTTATGTTCACACCTTTAGTACCTTTCTGGATAACAATTGCTTATATCATTTGTATTTCCACAAAGCATTTCTATTGGTTCTTTAGTAATTACCTAAAGAGACGTGTAGTCTTTAATGGTGTTTCCTTTAGTACTTTTGAAGAAGCTGCGCTGTGCACCTTTTTGTTAAATAAAGAAATGTATCTAAAGTTGCGTAGTGATGTGCTATTACCTCTTACGCAATATAATAGATACTTAGCTCTTTATAATAAGTACAAGTATTTTAGTGGAGCAATGGATACAACTAGCTACAGAGAAGCTGCTTGTTGTCATCTCGCAAAGGCTCTCAATGACTTCAGTAACTCAGGTTCTGATGTTCTTTACCAACCACCACAAACCTCTATCACCTCAGCTGTTTTGCAGAGTGGTTTTAGAAAAATGGCATTCCCATCTGGTAAAGTTGAGGGTTGTATGGTACAAGTAACTTGTGGTACAACTACACTTAACGGTCTTTGGCTTGATGACGTAGTTTACTGTCCAAGACATGTGATCTGCACCTCTGAAGACATGCTTAACCCTAATTATGAAGATTTACTCATTCGTAAGTCTAATCATAATTTCTTGGTACAGGCTGGTAATGTTCAACTCAGGGTTATTGGACATTCTATGCAAAATTGTGTACTTAAGCTTAAGGTTGATACAGCCAATCCTAAGACACCTAAGTATAAGTTTGTTCGCATTCAACCAGGACAGACTTTTTCAGTGTTAGCTTGTTACAATGGTTCACCATCTGGTGTTTACCAATGTGCTATGAGGCCCAATTTCACTATTAAGGGTTCATTCCTTAATGGTTCATGTGGTAGTGTTGGTTTTAACATAGATTATGACTGTGTCTCTTTTTGTTACATGCACCATATGGAATTACCAACTGGAGTTCATGCTGGCACAGACTTAGAAGGTAACTTTTATGGACCTTTTGTTGACAGGCAAACAGCACAAGCAGCTGGTACGGACACAACTATTACAGTTAATGTTTTAGCTTGGTTGTACGCTGCTGTTATAAATGGAGACAGGTGGTTTCTCAATCGATTTACCACAACTCTTAATGACTTTAACCTTGTGGCTATGAAGTACAATTATGAACCTCTAACACAAGACCATGTTGACATACTAGGACCTCTTTCTGCTCAAACTGGAATTGCCGTTTTAGATATGTGTGCTTCATTAAAAGAATTACTGCAAAATGGTATGAATGGACGTACCATATTGGGTAGTGCTTTATTAGAAGATGAATTTACACCTTTTGATGTTGTTAGACAATGCTCAGGTGTTACTTTCCAAAGTGCAGTGAAAAGAACAATCAAGGGTACACACCACTGGTTGTTACTCACAATTTTGACTTCACTTTTAGTTTTAGTCCAGAGTACTCAATGGTCTTTGTTCTTTTTTTTGTATGAAAATGCCTTTTTACCTTTTGCTATGGGTATTATTGCTATGTCTGCTTTTGCAATGATGTTTGTCAAACATAAGCATGCATTTCTCTGTTTGTTTTTGTTACCTTCTCTTGCCACTGTAGCTTATTTTAATATGGTCTATATGCCTGCTAGTTGGGTGATGCGTATTATGACATGGTTGGATATGGTTGATACTAGTTTGTCTGGTTTTAAGCTAAAAGACTGTGTTATGTATGCATCAGCTGTAGTGTTACTAATCCTTATGACAGCAAGAACTGTGTATGATGATGGTGCTAGGAGAGTGTGGACACTTATGAATGTCTTGACACTCGTTTATAAAGTTTATTATGGTAATGCTTTAGATCAAGCCATTTCCATGTGGGCTCTTATAATCTCTGTTACTTCTAACTACTCAGGTGTAGTTACAACTGTCATGTTTTTGGCCAGAGGTATTGTTTTTATGTGTGTTGAGTATTGCCCTATTTTCTTCATAACTGGTAATACACTTCAGTGTATAATGCTAGTTTATTGTTTCTTAGGCTATTTTTGTACTTGTTACTTTGGCCTCTTTTGTTTACTCAACCGCTACTTTAGACTGACTCTTGGTGTTTATGATTACTTAGTTTCTACACAGGAGTTTAGATATATGAATTCACAGGGACTACTCCCACCCAAGAATAGCATAGATGCCTTCAAACTCAACATTAAATTGTTGGGTGTTGGTGGCAAACCTTGTATCAAAGTAGCCACTGTACAGTCTAAAATGTCAGATGTAAAGTGCACATCAGTAGTCTTACTCTCAGTTTTGCAACAACTCAGAGTAGAATCATCATCTAAATTGTGGGCTCAATGTGTCCAGTTACACAATGACATTCTCTTAGCTAAAGATACTACTGAAGCCTTTGAAAAAATGGTTTCACTACTTTCTGTTTTGCTTTCCATGCAGGGTGCTGTAGACATAAACAAGCTTTGTGAAGAAATGCTGGACAACAGGGCAACCTTACAAGCTATAGCCTCAGAGTTTAGTTCCCTTCCATCATATGCAGCTTTTGCTACTGCTCAAGAAGCTTATGAGCAGGCTGTTGCTAATGGTGATTCTGAAGTTGTTCTTAAAAAGTTGAAGAAGTCTTTGAATGTGGCTAAATCTGAATTTGACCGTGATGCAGCCATGCAACGTAAGTTGGAAAAGATGGCTGATCAAGCTATGACCCAAATGTATAAACAGGCTAGATCTGAGGACAAGAGGGCAAAAGTTACTAGTGCTATGCAGACAATGCTTTTCACTATGCTTAGAAAGTTGGATAATGATGCACTCAACAACATTATCAACAATGCAAGAGATGGTTGTGTTCCCTTGAACATAATACCTCTTACAACAGCAGCCAAACTAATGGTTGTCATACCAGACTATAACACATATAAAAATACGTGTGATGGTACAACATTTACTTATGCATCAGCATTGTGGGAAATCCAACAGGTTGTAGATGCAGATAGTAAAATTGTTCAACTTAGTGAAATTAGTATGGACAATTCACCTAATTTAGCATGGCCTCTTATTGTAACAGCTTTAAGGGCCAATTCTGCTGTCAAATTACAGAATAATGAGCTTAGTCCTGTTGCACTACGACAGATGTCTTGTGCTGCCGGTACTACACAAACTGCTTGCACTGATGACAATGCGTTAGCTTACTACAACACAACAAAGGGAGGTAGGTTTGTACTTGCACTGTTATCCGATTTACAGGATTTGAAATGGGCTAGATTCCCTAAGAGTGATGGAACTGGTACTATCTATACAGAACTGGAACCACCTTGTAGGTTTGTTACAGACACACCTAAAGGTCCTAAAGTGAAGTATTTATACTTTATTAAAGGATTAAACAACCTAAATAGAGGTATGGTACTTGGTAGTTTAGCTGCCACAGTACGTCTACAAGCTGGTAATGCAACAGAAGTGCCTGCCAATTCAACTGTATTATCTTTCTGTGCTTTTGCTGTAGATGCTGCTAAAGCTTACAAAGATTATCTAGCTAGTGGGGGACAACCAATCACTAATTGTGTTAAGATGTTGTGTACACACACTGGTACTGGTCAGGCAATAACAGTTACACCGGAAGCCAATATGGATCAAGAATCCTTTGGTGGTGCATCGTGTTGTCTGTACTGCCGTTGCCACATAGATCATCCAAATCCTAAAGGATTTTGTGACTTAAAAGGTAAGTATGTACAAATACCTACAACTTGTGCTAATGACCCTGTGGGTTTTACACTTAAAAACACAGTCTGTACCGTCTGCGGTATGTGGAAAGGTTATGGCTGTAGTTGTGATCAACTCCGCGAACCCATGCTTCAGTCAGCTGATGCACAATCGTTTTTAAACGGGTTTGCGGTGTAA,265,13483,13218,1,0.205,True,"[{'shift_position': 13310, 'neighboring_frame': 2, 'shift_type': '+1', 'shift_magnitude': 1, 'neighboring_orf': {'seq': 'ATGTACAAATACCTACAACTTGTGCTAATGACCCTGTGGGTTTTACACTTAAAAACACAGTCTGTACCGTCTGCGGTATGTGGAAAGGTTATGGCTGTAGTTGTGATCAACTCCGCGAACCCATGCTTCAGTCAGCTGATGCACAATCGTTTTTAA', 'start': 13310, 'end': 13466, 'length': 156, 'frame': 2, 'dominance_ratio': 0.002}}, {'shift_position': 13305, 'neighboring_frame': 0, 'shift_type': '+2', 'shift_magnitude': 2, 'neighboring_orf': {'seq': 'ATGTAA', 'start': 13305, 'end': 13311, 'length': 6, 'frame': 0, 'dominance_ratio': 0.0}}, {'shift_position': 13431, 'neighboring_frame': 0, 'shift_type': '+2', 'shift_magnitude': 2, 'neighboring_orf': {'seq': 'ATGGGTGGTTTATGTGATTTACAATAA', 'start': 13431, 'end': 13458, 'length': 27, 'frame': 0, 'dominance_ratio': 0.0}}, {'shift_position': 13563, 'neighboring_frame': 0, 'shift_type': '+2', 'shift_magnitude': 2, 'neighboring_orf': {'seq': 'ATGACATGGTCGTAA', 'start': 13563, 'end': 13578, 'length': 15, 'frame': 0, 'dominance_ratio': 0.0}}, {'shift_position': 13608, 'neighboring_frame': 0, 'shift_type': '+2', 'shift_magnitude': 2, 'neighboring_orf': {'seq': 'ATGCAAGCACCACATCTTAATGAAGTCTGTGAATTGCAAAGAACACAAGCCCCAACAGCCTGTAAGACTGTATGCGGTGTGTACATAGCCTCATAA', 'start': 13608, 'end': 13704, 'length': 96, 'frame': 0, 'dominance_ratio': 0.001}}, {'shift_position': 13442, 'neighboring_frame': 2, 'shift_type': '+1', 'shift_magnitude': 1, 'neighboring_orf': {'seq': 'ATGTGA', 'start': 13442, 'end': 13448, 'length': 6, 'frame': 2, 'dominance_ratio': 0.0}}, {'shift_position': 13550, 'neighboring_frame': 2, 'shift_type': '+1', 'shift_magnitude': 1, 'neighboring_orf': {'seq': 'ATGTGA', 'start': 13550, 'end': 13556, 'length': 6, 'frame': 2, 'dominance_ratio': 0.0}}, {'shift_position': 13568, 'neighboring_frame': 2, 'shift_type': '+1', 'shift_magnitude': 1, 'neighboring_orf': {'seq': 'ATGGTCGTAACAGCATTTACAACATAA', 'start': 13568, 'end': 13595, 'length': 27, 'frame': 2, 'dominance_ratio': 0.0}}, {'shift_position': 13679, 'neighboring_frame': 2, 'shift_type': '+1', 'shift_magnitude': 1, 'neighboring_orf': {'seq': 'ATGCGGTGTGTACATAGCCTCATAAAACTCAGGTTCCCAATACCTTGA', 'start': 13679, 'end': 13727, 'length': 48, 'frame': 2, 'dominance_ratio': 0.001}}]"
48,ATGTCGTATACAGGGCTTTTGACATCTACAATGATAAAGTAG,13525,13567,42,1,0.001,,
49,ATGACAATTTAA,13624,13636,12,1,0.0,,
50,ATGAAGAAACAATTTATAATTTACTTAAGGATTGTCCAGCTGTTGCTAAACATGACTTCTTTAAGTTTAGAATAG,13684,13759,75,1,0.001,,
51,ATGCTTTAA,13825,13834,9,1,0.0,,
52,ATGAAGGTAATTGTGACACATTAA,13843,13867,24,1,0.0,,
53,ATGATGATTATTTCAATAAAAAGGACTGGTATGATTTTGTAG,13897,13939,42,1,0.001,,
54,ATGCCATGCGAAATGCTGGTATTGTTGGTGTACTGA,14020,14056,36,1,0.001,,
55,ATGGTAACTGGTATGATTTCGGTGATTTCATACAAACCACGCCAGGTAGTGGAGTTCCTGTTGTAG,14077,14143,66,1,0.001,,
56,ATGTTGACACTGACTTAA,14206,14224,18,1,0.0,,
57,ATGACTTCACGGAAGAGAGGTTAA,14257,14281,24,1,0.0,,
58,ATGACAGATGCATTCTGCATTGTGCAAACTTTAATGTTTTATTCTCTACAGTGTTCCCACCTACAAGTTTTGGACCACTAG,14347,14428,81,1,0.001,,
59,ATGGTGTTCCATTTGTAG,14446,14464,18,1,0.0,,
60,ATGTAA,14512,14518,6,1,0.0,,
61,ATGCTGCTGACCCTGCTATGCACGCTGCTTCTGGTAATCTATTACTAG,14560,14608,48,1,0.001,,
62,ATGTTGCTTTTCAAACTGTCAAACCCGGTAATTTTAACAAAGACTTCTATGACTTTGCTGTGTCTAAGGGTTTCTTTAAGGAAGGAAGTTCTGTTGAATTAA,14650,14752,102,1,0.002,,
63,ATGGTAATGCTGCTATCAGCGATTATGACTACTATCGTTATAATCTACCAACAATGTGTGATATCAGACAACTACTATTTGTAG,14773,14857,84,1,0.001,,
64,ATGGTGGCTGTATTAATGCTAACCAAGTCATCGTCAACAACCTAG,14890,14935,45,1,0.001,,
65,ATGATTCAATGA,14986,14998,12,1,0.0,,
66,ATGAGGATCAAGATGCACTTTTCGCATATACAAAACGTAATGTCATCCCTACTATAA,15001,15058,57,1,0.001,,
67,ATGCCATTAGTGCAAAGAATAGAGCTCGCACCGTAG,15076,15112,36,1,0.001,,
68,ATGGTGGTTGGCACAACATGTTAA,15223,15247,24,1,0.0,,
69,ATGTAG,15262,15268,6,1,0.0,,
70,ATGAGTGTGCTCAAGTATTGA,15409,15430,21,1,0.0,,
71,ATGTTAAACCAGGTGGAACCTCATCAGGAGATGCCACAACTGCTTATGCTAATAGTGTTTTTAACATTTGTCAAGCTGTCACGGCCAATGTTAATGCACTTTTATCTACTGATGGTAACAAAATTGCCGATAAGTATGTCCGCAATTTACAACACAGACTTTATGAGTGTCTCTATAGAAATAGAGATGTTGACACAGACTTTGTGA,15460,15667,207,1,0.003,,
72,ATGAGTTTTACGCATATTTGCGTAAACATTTCTCAATGA,15667,15706,39,1,0.001,,
73,ATGCTGTTGTGTGTTTCAATAGCACTTATGCATCTCAAGGTCTAG,15721,15766,45,1,0.001,,
74,ATGTTTTTATGTCTGAAGCAAAATGTTGGACTGAGACTGACCTTACTAAAGGACCTCATGAATTTTGCTCTCAACATACAATGCTAG,15811,15898,87,1,0.001,,
75,ATGATTATGTGTACCTTCCTTACCCAGATCCATCAAGAATCCTAG,15910,15955,45,1,0.001,,
76,ATGATATCGTAA,15973,15985,12,1,0.0,,
77,ATGGTACACTTATGA,15991,16006,15,1,0.0,,
78,ATGCTTACCCACTTACTAAACATCCTAATCAGGAGTATGCTGATGTCTTTCATTTGTACTTACAATACATAA,16033,16105,72,1,0.001,,
79,ATGATGAGTTAA,16114,16126,12,1,0.0,,
80,ATGATAACACTTCAAGGTATTGGGAACCTGAGTTTTATGAGGCTATGTACACACCGCATACAGTCTTACAGGCTGTTGGGGCTTGTGTTCTTTGCAATTCACAGACTTCATTAA,16165,16279,114,1,0.002,,
81,ATGTCATATCAACATCACATAAATTAG,16333,16360,27,1,0.0,,
82,ATGTTTGCAATGCTCCAGGTTGTGATGTCACAGATGTGA,16378,16417,39,1,0.001,,
83,ATGGACAAGTTTTTGGTTTATATAAAAATACATGTGTTGGTAGCGATAATGTTACTGACTTTAATGCAATTGCAACATGTGACTGGACAAATGCTGGTGATTACATTTTAG,16492,16603,111,1,0.002,,
84,ATGGTATTGCTACTGTACGTGAAGTGCTGTCTGACAGAGAATTACATCTTTCATGGGAAGTTGGTAAACCTAGACCACCACTTAACCGAAATTATGTCTTTACTGGTTATCGTGTAA,16681,16798,117,1,0.002,,
85,ATGGTGATGCTGTTGTTTACCGAGGTACAACAACTTACAAATTAA,16849,16894,45,1,0.001,,
86,ATGTTGGTGATTATTTTGTGCTGA,16894,16918,24,1,0.0,,
87,ATGTTAGAATTACTGGCTTATACCCAACACTCAATATCTCAGATGAGTTTTCTAGCAATGTTGCAAATTATCAAAAGGTTGGTATGCAAAAGTATTCTACACTCCAGGGACCACCTGGTACTGGTAAGAGTCATTTTGCTATTGGCCTAG,16972,17122,150,1,0.002,,
88,ATGCCGCTGTTGATGCACTATGTGAGAAGGCATTAA,17167,17203,36,1,0.001,,
89,ATGTCTTTTGTACTGTAA,17299,17317,18,1,0.0,,
90,ATGCATTGCCTGAGACGACAGCAGATATAG,17317,17347,30,1,0.0,,
91,ATGAAATTTCAATGGCCACAAATTATGATTTGA,17356,17389,33,1,0.001,,
92,ATGCCAGATTACGTGCTAAGCACTATGTGTACATTGGCGACCCTGCTCAATTACCTGCACCACGCACATTGCTAA,17398,17473,75,1,0.001,,
93,ATGATAATAAGCTTAAAGCACATAAAGACAAATCAGCTCAATGCTTTAAAATGTTTTATAAGGGTGTTATCACGCATGATGTTTCATCTGCAATTAACAGGCCACAAATAG,17605,17716,111,1,0.002,,
94,ATGCTGTAG,17791,17800,9,1,0.0,,
95,ATGACTATGTCATATTCACTCAAACCACTGAAACAGCTCACTCTTGTAATGTAA,17857,17911,54,1,0.001,,
96,ATGTTGCTATTACCAGAGCAAAAGTAG,17920,17947,27,1,0.0,,
97,ATGACAAGTTGCAATTTACAAGTCTTGAAATTCCACGTAGGAATGTGGCAACTTTACAAGCTGAAAATGTAA,17980,18052,72,1,0.001,,
98,ATGGTTACCCTAACATGTTTATCACCCGCGAAGAAGCTATAA,18238,18280,42,1,0.001,,
99,ATGTACGTGCATGGATTGGCTTCGATGTCGAGGGGTGTCATGCTACTAGAGAAGCTGTTGGTACCAATTTACCTTTACAGCTAG,18283,18367,84,1,0.001,,
100,ATGTTGATACACCTAATAATACAGATTTTTCCAGAGTTAGTGCTAAACCACCGCCTGGAGATCAATTTAAACACCTCATACCACTTATGTACAAAGGACTTCCTTGGAATGTAG,18409,18523,114,1,0.002,,
101,ATGGCTTTGAGTTGA,18601,18616,15,1,0.0,,
102,ATGCCTGTTGGCATCATTCTATTGGATTTGATTACGTCTATAATCCGTTTATGA,18709,18763,54,1,0.001,,
103,ATGTTCAACAATGGGGTTTTACAGGTAACCTACAAAGCAACCATGATCTGTATTGTCAAGTCCATGGTAATGCACATGTAG,18766,18847,81,1,0.001,,
104,ATGCAATCATGA,18856,18868,12,1,0.0,,
105,ATGAACTGA,18940,18949,9,1,0.0,,
106,ATGCGGCTTGTAGAAAGGTTCAACACATGGTTGTTAAAGCTGCATTATTAG,18955,19006,51,1,0.001,,
107,ATGTAG,19072,19078,6,1,0.0,,
108,ATGATGCACAGCCTTGTAGTGACAAAGCTTATAAAATAG,19090,19129,39,1,0.001,,
109,ATGCCACACATTCTGACAAATTCACAGATGGTGTATGCCTATTTTGGAATTGCAATGTCGATAGATATCCTGCTAATTCCATTGTTTGTAGATTTGACACTAGAGTGCTATCTAACCTTAACTTGCCTGGTTGTGATGGTGGCAGTTTGTATGTAA,19147,19303,156,1,0.002,,
110,ATGCATTCCACACACCAGCTTTTGATAAAAGTGCTTTTGTTAATTTAA,19309,19357,48,1,0.001,,
111,ATGGAAAACAAGTAG,19402,19417,15,1,0.0,,
112,ATGTACCACTAA,19432,19444,12,1,0.0,,
113,ATGCTAATGAGTACAGATTGTATCTCGATGCTTATAACATGA,19498,19540,42,1,0.001,,
114,ATGTGGCTTTTAATGTTGTAA,19630,19651,21,1,0.0,,
115,ATGGACAACAGGGTGAAGTACCAGTTTCTATCATTAATAACACTGTTTACACAAAAGTTGATGGTGTTGATGTAG,19666,19741,75,1,0.001,,
116,ATGTAG,19774,19780,6,1,0.0,,
117,ATGCTCCAGCACATATATCTACTATTGGTGTTTGTTCTATGA,19891,19933,42,1,0.001,,
118,ATGGTAGAGTTGATGGTCAAGTAG,19990,20014,24,1,0.0,,
119,ATGCCCGTAATGGTGTTCTTATTACAGAAGGTAGTGTTAAAGGTTTACAACCATCTGTAG,20026,20086,60,1,0.001,,
120,ATGGAGTCACATTAA,20107,20122,15,1,0.0,,
121,ATGGTGTTGTCCAACAATTACCTGAAACTTACTTTACTCAGAGTAGAAATTTACAAGAATTTAAACCCAGGAGTCAAATGGAAATTGATTTCTTAG,20167,20263,96,1,0.001,,
122,ATGAATTCATTGAACGGTATAAATTAG,20275,20302,27,1,0.0,,
123,ATGCCTTCGAACATATCGTTTATGGAGATTTTAGTCATAGTCAGTTAG,20308,20356,48,1,0.001,,
124,ATGCGCAAACAGGTTCATCTAAGTGTGTGTGTTCTGTTATTGATTTATTACTTGATGATTTTGTTGAAATAA,20464,20536,72,1,0.001,,
125,ATGGCCATGTAG,20623,20635,12,1,0.0,,
126,ATGGTGATAGTGCAACATTACCTAAAGGCATAA,20746,20779,33,1,0.001,,
127,ATGTCGCAAAATATACTCAACTGTGTCAATATTTAA,20785,20821,36,1,0.001,,
128,ATGACTTTGTCTCTGATGCAGATTCAACTTTGA,20959,20992,33,1,0.001,,
129,ATGTTACAAAAGAAAATGACTCTAAAGAGGGTTTTTTCACTTACATTTGTGGGTTTATACAACAAAAGCTAG,21070,21142,72,1,0.001,,
130,ATGCTGATCTTTATAAGCTCATGGGACACTTCGCATGGTGGACAGCCTTTGTTACTAATGTGA,21187,21250,63,1,0.001,,
131,ATGCGTCATCATCTGAAGCATTTTTAA,21250,21277,27,1,0.0,,
132,ATGGTTATGTCATGCATGCAAATTACATATTTTGGAGGAATACAAATCCAATTCAGTTGTCTTCCTATTCTTTATTTGACATGA,21316,21400,84,1,0.001,,
133,ATGATATGA,21460,21469,9,1,0.0,,
134,ATGTTCTTGTTAACAACTAAACGAACAATGTTTGTTTTTCTTGTTTTATTGCCACTAGTCTCTAGTCAGTGTGTTAATCTTACAACCAGAACTCAATTACCCCCTGCATACACTAATTCTTTCACACGTGGTGTTTATTACCCTGACAAAGTTTTCAGATCCTCAGTTTTACATTCAACTCAGGACTTGTTCTTACCTTTCTTTTCCAATGTTACTTGGTTCCATGCTATACATGTCTCTGGGACCAATGGTACTAAGAGGTTTGATAACCCTGTCCTACCATTTAATGATGGTGTTTATTTTGCTTCCACTGAGAAGTCTAACATAATAAGAGGCTGGATTTTTGGTACTACTTTAGATTCGAAGACCCAGTCCCTACTTATTGTTAATAACGCTACTAATGTTGTTATTAAAGTCTGTGAATTTCAATTTTGTAATGATCCATTTTTGGGTGTTTATTACCACAAAAACAACAAAAGTTGGATGGAAAGTGAGTTCAGAGTTTATTCTAGTGCGAATAATTGCACTTTTGAATATGTCTCTCAGCCTTTTCTTATGGACCTTGAAGGAAAACAGGGTAATTTCAAAAATCTTAGGGAATTTGTGTTTAAGAATATTGATGGTTATTTTAAAATATATTCTAAGCACACGCCTATTAATTTAGTGCGTGATCTCCCTCAGGGTTTTTCGGCTTTAGAACCATTGGTAGATTTGCCAATAGGTATTAACATCACTAGGTTTCAAACTTTACTTGCTTTACATAGAAGTTATTTGACTCCTGGTGATTCTTCTTCAGGTTGGACAGCTGGTGCTGCAGCTTATTATGTGGGTTATCTTCAACCTAGGACTTTTCTATTAAAATATAATGAAAATGGAACCATTACAGATGCTGTAGACTGTGCACTTGACCCTCTCTCAGAAACAAAGTGTACGTTGAAATCCTTCACTGTAGAAAAAGGAATCTATCAAACTTCTAACTTTAGAGTCCAACCAACAGAATCTATTGTTAGATTTCCTAATATTACAAACTTGTGCCCTTTTGGTGAAGTTTTTAACGCCACCAGATTTGCATCTGTTTATGCTTGGAACAGGAAGAGAATCAGCAACTGTGTTGCTGATTATTCTGTCCTATATAATTCCGCATCATTTTCCACTTTTAAGTGTTATGGAGTGTCTCCTACTAAATTAAATGATCTCTGCTTTACTAATGTCTATGCAGATTCATTTGTAATTAGAGGTGATGAAGTCAGACAAATCGCTCCAGGGCAAACTGGAAAGATTGCTGATTATAATTATAAATTACCAGATGATTTTACAGGCTGCGTTATAGCTTGGAATTCTAACAATCTTGATTCTAAGGTTGGTGGTAATTATAATTACCTGTATAGATTGTTTAGGAAGTCTAATCTCAAACCTTTTGAGAGAGATATTTCAACTGAAATCTATCAGGCCGGTAGCACACCTTGTAATGGTGTTGAAGGTTTTAATTGTTACTTTCCTTTACAATCATATGGTTTCCAACCCACTAATGGTGTTGGTTACCAACCATACAGAGTAGTAGTACTTTCTTTTGAACTTCTACATGCACCAGCAACTGTTTGTGGACCTAAAAAGTCTACTAATTTGGTTAAAAACAAATGTGTCAATTTCAACTTCAATGGTTTAACAGGCACAGGTGTTCTTACTGAGTCTAACAAAAAGTTTCTGCCTTTCCAACAATTTGGCAGAGACATTGCTGACACTACTGATGCTGTCCGTGATCCACAGACACTTGAGATTCTTGACATTACACCATGTTCTTTTGGTGGTGTCAGTGTTATAACACCAGGAACAAATACTTCTAACCAGGTTGCTGTTCTTTATCAGGATGTTAACTGCACAGAAGTCCCTGTTGCTATTCATGCAGATCAACTTACTCCTACTTGGCGTGTTTATTCTACAGGTTCTAATGTTTTTCAAACACGTGCAGGCTGTTTAATAGGGGCTGAACATGTCAACAACTCATATGAGTGTGACATACCCATTGGTGCAGGTATATGCGCTAGTTATCAGACTCAGACTAATTCTCCTCGGCGGGCACGTAGTGTAGCTAGTCAATCCATCATTGCCTACACTATGTCACTTGGTGCAGAAAATTCAGTTGCTTACTCTAATAACTCTATTGCCATACCCACAAATTTTACTATTAGTGTTACCACAGAAATTCTACCAGTGTCTATGACCAAGACATCAGTAGATTGTACAATGTACATTTGTGGTGATTCAACTGAATGCAGCAATCTTTTGTTGCAATATGGCAGTTTTTGTACACAATTAAACCGTGCTTTAACTGGAATAGCTGTTGAACAAGACAAAAACACCCAAGAAGTTTTTGCACAAGTCAAACAAATTTACAAAACACCACCAATTAAAGATTTTGGTGGTTTTAATTTTTCACAAATATTACCAGATCCATCAAAACCAAGCAAGAGGTCATTTATTGAAGATCTACTTTTCAACAAAGTGACACTTGCAGATGCTGGCTTCATCAAACAATATGGTGATTGCCTTGGTGATATTGCTGCTAGAGACCTCATTTGTGCACAAAAGTTTAACGGCCTTACTGTTTTGCCACCTTTGCTCACAGATGAAATGATTGCTCAATACACTTCTGCACTGTTAGCGGGTACAATCACTTCTGGTTGGACCTTTGGTGCAGGTGCTGCATTACAAATACCATTTGCTATGCAAATGGCTTATAGGTTTAATGGTATTGGAGTTACACAGAATGTTCTCTATGAGAACCAAAAATTGATTGCCAACCAATTTAATAGTGCTATTGGCAAAATTCAAGACTCACTTTCTTCCACAGCAAGTGCACTTGGAAAACTTCAAGATGTGGTCAACCAAAATGCACAAGCTTTAAACACGCTTGTTAAACAACTTAGCTCCAATTTTGGTGCAATTTCAAGTGTTTTAAATGATATCCTTTCACGTCTTGACAAAGTTGAGGCTGAAGTGCAAATTGATAGGTTGATCACAGGCAGACTTCAAAGTTTGCAGACATATGTGACTCAACAATTAATTAGAGCTGCAGAAATCAGAGCTTCTGCTAATCTTGCTGCTACTAAAATGTCAGAGTGTGTACTTGGACAATCAAAAAGAGTTGATTTTTGTGGAAAGGGCTATCATCTTATGTCCTTCCCTCAGTCAGCACCTCATGGTGTAGTCTTCTTGCATGTGACTTATGTCCCTGCACAAGAAAAGAACTTCACAACTGCTCCTGCCATTTGTCATGATGGAAAAGCACACTTTCCTCGTGAAGGTGTCTTTGTTTCAAATGGCACACACTGGTTTGTAACACAAAGGAATTTTTATGAACCACAAATCATTACTACAGACAACACATTTGTGTCTGGTAACTGTGATGTTGTAATAGGAATTGTCAACAACACAGTTTATGATCCTTTGCAACCTGAATTAGACTCATTCAAGGAGGAGTTAGATAAATATTTTAAGAATCATACATCACCAGATGTTGATTTAGGTGACATCTCTGGCATTAATGCTTCAGTTGTAAACATTCAAAAAGAAATTGACCGCCTCAATGAGGTTGCCAAGAATTTAAATGAATCTCTCATCGATCTCCAAGAACTTGGAAAGTATGAGCAGTATATAAAATGGCCATGGTACATTTGGCTAGGTTTTATAGCTGGCTTGATTGCCATAGTAATGGTGACAATTATGCTTTGCTGTATGACCAGTTGCTGTAGTTGTCTCAAGGGCTGTTGTTCTTGTGGATCCTGCTGCAAATTTGATGAAGACGACTCTGAGCCAGTGCTCAAAGGAGTCAAATTACATTACACATAA,21535,25384,3849,1,0.06,,
135,ATGCTACTCCTTCAGATTTTGTTCGCGCTACTGCAACGATACCGATACAAGCCTCACTCCCTTTCGGATGGCTTATTGTTGGCGTTGCACTTCTTGCTGTTTTTCAGAGCGCTTCCAAAATCATAA,25456,25582,126,1,0.002,,
136,ATGCTTTAG,25717,25726,9,1,0.0,,
137,ATGATGCCAACTATTTTCTTTGCTGGCATACTAATTGTTACGACTATTGTATACCTTACAATAGTGTAA,25813,25882,69,1,0.001,,
138,ATGGCACAACAAGTCCTATTTCTGAACATGACTACCAGATTGGTGGTTATACTGAAAAATGGGAATCTGGAGTAA,25909,25984,75,1,0.001,,
139,ATGTTACCTTCTTCATCTACAATAAAATTGTTGATGAGCCTGAAGAACATGTCCAAATTCACACAATCGACGGTTCATCCGGAGTTGTTAATCCAGTAA,26071,26170,99,1,0.002,,
140,ATGATGAACCGACGACGACTACTAGCGTGCCTTTGTAAGCACAAGCTGATGAGTACGAACTTATGTACTCATTCGTTTCGGAAGAGACAGGTACGTTAA,26182,26281,99,1,0.002,,
141,ATGGAACCTAGTAATAGGTTTCCTATTCCTTACATGGATTTGTCTTCTACAATTTGCCTATGCCAACAGGAATAG,26578,26653,75,1,0.001,,
142,ATGGCCAGTAACTTTAGCTTGTTTTGTGCTTGCTGCTGTTTACAGAATAAATTGGATCACCGGTGGAATTGCTATCGCAATGGCTTGTCTTGTAGGCTTGATGTGGCTCAGCTACTTCATTGCTTCTTTCAGACTGTTTGCGCGTACGCGTTCCATGTGGTCATTCAATCCAGAAACTAA,26692,26872,180,1,0.003,,
143,ATGAAGAGCAACCAATGGAGATTGATTAAACGAACATGA,27358,27397,39,1,0.001,,
144,ATGTAG,27949,27955,6,1,0.0,,
145,ATGTACTCAACATCAACCATATGTAGTTGA,27964,27994,30,1,0.0,,
146,ATGGTATATTAG,28024,28036,12,1,0.0,,
147,ATGTCTGATAATGGACCCCAAAATCAGCGAAATGCACCCCGCATTACGTTTGGTGGACCCTCAGATTCAACTGGCAGTAACCAGAATGGAGAACGCAGTGGGGCGCGATCAAAACAACGTCGGCCCCAAGGTTTACCCAATAATACTGCGTCTTGGTTCACCGCTCTCACTCAACATGGCAAGGAAGACCTTAAATTCCCTCGAGGACAAGGCGTTCCAATTAACACCAATAGCAGTCCAGATGACCAAATTGGCTACTACCGAAGAGCTACCAGACGAATTCGTGGTGGTGACGGTAAAATGAAAGATCTCAGTCCAAGATGGTATTTCTACTACCTAGGAACTGGGCCAGAAGCTGGACTTCCCTATGGTGCTAACAAAGACGGCATCATATGGGTTGCAACTGAGGGAGCCTTGAATACACCAAAAGATCACATTGGCACCCGCAATCCTGCTAACAATGCTGCAATCGTGCTACAACTTCCTCAAGGAACAACATTGCCAAAAGGCTTCTACGCAGAAGGGAGCAGAGGCGGCAGTCAAGCCTCTTCTCGTTCCTCATCACGTAGTCGCAACAGTTCAAGAAATTCAACTCCAGGCAGCAGTAGGGGAACTTCTCCTGCTAGAATGGCTGGCAATGGCGGTGATGCTGCTCTTGCTTTGCTGCTGCTTGACAGATTGAACCAGCTTGAGAGCAAAATGTCTGGTAAAGGCCAACAACAACAAGGCCAAACTGTCACTAAGAAATCTGCTGCTGAGGCTTCTAAGAAGCCTCGGCAAAAACGTACTGCCACTAAAGCATACAATGTAACACAAGCTTTCGGCAGACGTGGTCCAGAACAAACCCAAGGAAATTTTGGGGACCAGGAACTAATCAGACAAGGAACTGATTACAAACATTGGCCGCAAATTGCACAATTTGCCCCCAGCGCTTCAGCGTTCTTCGGAATGTCGCGCATTGGCATGGAAGTCACACCTTCGGGAACGTGGTTGACCTACACAGGTGCCATCAAATTGGATGACAAAGATCCAAATTTCAAAGATCAAGTCATTTTGCTGAATAAGCATATTGACGCATACAAAACATTCCCACCAACAGAGCCTAAAAAGGACAAAAAGAAGAAGGCTGATGAAACTCAAGCCTTACCGCAGAGACAGAAGAAACAGCAAACTGTGACTCTTCTTCCTGCTGCAGATTTGGATGATTTCTCCAAACAATTGCAACAATCCATGAGCAGTGCTGACTCAACTCAGGCCTAA,28273,29533,1260,1,0.02,,
148,ATGGGCTATATAAACGTTTTCGCTTTTCCGTTTACGATATATAGTCTACTCTTGTGCAGAATGAATTCTCGTAACTACATAGCACAAGTAGATGTAGTTAACTTTAATCTCACATAG,29557,29674,117,1,0.002,,
149,ATGCTAGGGAGAGCTGCCTATATGGAAGAGCCCTAA,29770,29806,36,1,0.001,,
150,ATGGCACTTGTGGCTTAG,407,425,18,2,0.0,,
151,ATGTGTTCATCAAACGTTCGGATGCTCGAACTGCACCTCATGGTCATGTTATGGTTGAGCTGGTAG,467,533,66,2,0.001,,
152,ATGTGGGCGAAATACCAGTGGCTTACCGCAAGGTTCTTCTTCGTAAGAACGGTAATAAAGGAGCTGGTGGCCATAGTTACGGCGCCGATCTAA,593,686,93,2,0.001,,
153,ATGAAGATTTTCAAGAAAACTGGAACACTAAACATAGCAGTGGTGTTACCCGTGAACTCATGCGTGAGCTTAACGGAGGGGCATACACTCGCTATGTCGATAACAACTTCTGTGGCCCTGATGGCTACCCTCTTGAGTGCATTAAAGACCTTCTAG,725,881,156,2,0.002,,
154,ATGAGCATGAAATTGCTTGGTACACGGAACGTTCTGAAAAGAGCTATGAATTGCAGACACCTTTTGAAATTAAATTGGCAAAGAAATTTGACACCTTCAATGGGGAATGTCCAAATTTTGTATTTCCCTTAA,965,1097,132,2,0.002,,
155,ATGGCTTTATGGGTAGAATTCGATCTGTCTATCCAGTTGCGTCACCAAATGAATGCAACCAAATGTGCCTTTCAACTCTCATGA,1145,1229,84,2,0.001,,
156,ATGCTGTTGTTAAAATTTATTGTCCAGCATGTCACAATTCAGAAGTAG,1352,1400,48,2,0.001,,
157,ATGAATCTGGCTTGA,1430,1445,15,2,0.0,,
158,ATGTTGGTTGCCATAACAAGTGTGCCTATTGGGTTCCACGTGCTAGCGCTAACATAG,1502,1559,57,2,0.001,,
159,ATGACAACCTTCTTGAAATACTCCAAAAAGAGAAAGTCAACATCAATATTGTTGGTGACTTTAAACTTAATGAAGAGATCGCCATTATTTTGGCATCTTTTTCTGCTTCCACAAGTGCTTTTGTGGAAACTGTGA,1604,1739,135,2,0.002,,
160,ATGCATTTGCATCAGAGGCTGCTCGTGTTGTACGATCAATTTTCTCCCGCACTCTTGAAACTGCTCAAAATTCTGTGCGTGTTTTACAGAAGGCCGCTATAA,1865,1967,102,2,0.002,,
161,ATGGAATTTCACAGTATTCACTGA,1976,2000,24,2,0.0,,
162,ATGCTATGA,2009,2018,9,2,0.0,,
163,ATGAAAAACTCAAACCCGTCCTTGATTGGCTTGAAGAGAAGTTTAAGGAAGGTGTAG,2126,2183,57,2,0.001,,
164,ATGACACTGTGA,2744,2756,12,2,0.0,,
165,ATGAAAGGATTGATAAAGTACTTAATGAGAAGTGCTCTGCCTATACAGTTGAACTCGGTACAGAAGTAA,2801,2870,69,2,0.001,,
166,ATGAGTTCGCCTGTGTTGTGGCAGATGCTGTCATAA,2870,2906,36,2,0.001,,
167,ATGAGTGGAGTATGGCTACATACTACTTATTTGATGAGTCTGGTGAGTTTAAATTGGCTTCACATATGTATTGTTCTTTCTACCCTCCAGATGAGGATGAAGAAGAAGGTGATTGTGAAGAAGAAGAGTTTGAGCCATCAACTCAATATGAGTATGGTACTGAAGATGATTACCAAGGTAAACCTTTGGAATTTGGTGCCACTTCTGCTGCTCTTCAACCTGAAGAAGAGCAAGAAGAAGATTGGTTAG,2957,3206,249,2,0.004,,
168,ATGATGATAGTCAACAAACTGTTGGTCAACAAGACGGCAGTGAGGACAATCAGACAACTACTATTCAAACAATTGTTGAGGTTCAACCTCAATTAG,3206,3302,96,2,0.001,,
169,ATGTATACATTAAAAATGCAGACATTGTGGAAGAAGCTAAAAAGGTAA,3374,3422,48,2,0.001,,
170,ATGCAGCCAATGTTTACCTTAAACATGGAGGAGGTGTTGCAGGAGCCTTAA,3440,3491,51,2,0.001,,
171,ATGCCATGCAAGTTGAATCTGATGATTACATAG,3506,3539,33,2,0.001,,
172,ATGGACCACTTAAAGTGGGTGGTAGTTGTGTTTTAA,3545,3581,36,2,0.001,,
173,ATGTTGTCGGCCCAAATGTTAACAAAGGTGAAGACATTCAACTTCTTAAGAGTGCTTATGAAAATTTTAATCAGCACGAAGTTCTACTTGCACCATTATTATCAGCTGGTATTTTTGGTGCTGACCCTATACATTCTTTAA,3611,3752,141,2,0.002,,
174,ATGTCTACTTAG,3779,3791,12,2,0.0,,
175,ATGACAAACTTGTTTCAAGCTTTTTGGAAATGA,3812,3845,33,2,0.001,,
176,ATGATAAGAAAATCAAAGCTTGTGTTGAAGAAGTTACAACAACTCTGGAAGAAACTAAGTTCCTCACAGAAAACTTGTTACTTTATATTGACATTAATGGCAATCTTCATCCAGATTCTGCCACTCTTGTTAGTGACATTGACATCACTTTCTTAA,3947,4103,156,2,0.002,,
177,ATGCTCCATATATAG,4109,4124,15,2,0.0,,
178,ATGTTGTTCAAGAGGGTGTTTTAA,4130,4154,24,2,0.0,,
179,ATGGTTACACTGTAG,4268,4283,15,2,0.0,,
180,ATGAGAAGCAAGAAATTCTTGGAACTGTTTCTTGGAATTTGCGAGAAATGCTTGCACATGCAGAAGAAACACGCAAATTAA,4349,4430,81,2,0.001,,
181,ATGGTGCTAGATTTTACTTTTACACCAGTAAAACAACTGTAG,4517,4559,42,2,0.001,,
182,ATGAAACTCTTGTTACAATGCCACTTGGCTATGTAA,4589,4625,36,2,0.001,,
183,ATGGCTTAA,4628,4637,9,2,0.0,,
184,ATGCTGTTACAGCGTATAATGGTTATCTTACTTCTTCTTCTAAAACACCTGAAGAACATTTTATTGAAACCATCTCACTTGCTGGTTCCTATAAAGATTGGTCCTATTCTGGACAATCTACACAACTAG,4706,4835,129,2,0.002,,
185,ATGGTGAAGTTATCACCTTTGACAATCTTAAGACACTTCTTTCTTTGA,4904,4952,48,2,0.001,,
186,ATGGACAACAGTTTGGTCCAACTTATTTGGATGGAGCTGATGTTACTAAAATAA,5033,5087,54,2,0.001,,
187,ATGAAGGTAAAACATTTTATGTTTTACCTAATGATGACACTCTACGTGTTGAGGCTTTTGAGTACTACCACACAACTGATCCTAGTTTTCTGGGTAGGTACATGTCAGCATTAA,5102,5216,114,2,0.002,,
188,ATGGTTTAA,5249,5258,9,2,0.0,,
189,ATGCTTATTACAGAGCAAGGGCTGGTGAAGCTGCTAACTTTTGTGCACTTATCTTAG,5354,5411,57,2,0.001,,
190,ATGTTAGAGAAACAATGA,5444,5462,18,2,0.0,,
191,ATGCCAATTTAG,5477,5489,12,2,0.0,,
192,ATGAACAATTTAAGAAAGGTGTTCAGATACCTTGTACGTGTGGTAAACAAGCTACAAAATATCTAG,5591,5657,66,2,0.001,,
193,ATGAACTTAAGCATGGTACATTTACTTGTGCTAGTGAGTACACTGGTAATTACCAGTGTGGTCACTATAAACATATAA,5705,5783,78,2,0.001,,
194,ATGTTTTCTACAAAGAAAACAGTTACACAACAACCATAA,5858,5897,39,2,0.001,,
195,ATGGTGTTGTTTGTACAGAAATTGACCCTAAGTTGGACAATTATTATAAGAAAGACAATTCTTATTTCACAGAGCAACCAATTGATCTTGTACCAAACCAACCATATCCAAACGCAAGCTTCGATAATTTTAAGTTTGTATGTGATAATATCAAATTTGCTGATGATTTAA,5918,6089,171,2,0.003,,
196,ATGGTGATGTGGTGGCTATTGATTATAAACACTACACACCCTCTTTTAAGAAAGGAGCTAAATTGTTACATAAACCTATTGTTTGGCATGTTAACAATGCAACTAATAAAGCCACGTATAAACCAAATACCTGGTGTATACGTTGTCTTTGGAGCACAAAACCAGTTGAAACATCAAATTCGTTTGATGTACTGA,6155,6350,195,2,0.003,,
197,ATGTGA,6458,6464,6,2,0.0,,
198,ATGTAG,6560,6566,6,2,0.0,,
199,ATGAATTATCTAGAGTATTAG,6596,6617,21,2,0.0,,
200,ATGGTTTAG,6638,6647,9,2,0.0,,
201,ATGCTAAGCCTTTTCTTAACAAAGTTGTTAGTACAACTACTAACATAG,6686,6734,48,2,0.001,,
202,ATGTCACTATTGCAACCTACTGTACTGGTTCTATACCTTGTAGTGTTTGTCTTAGTGGTTTAG,7088,7151,63,2,0.001,,
203,ATGTACTTGGATTGGCTGCAATCATGCAATTGTTTTTCAGCTATTTTGCAGTACATTTTATTAGTAATTCTTGGCTTATGTGGTTAA,7280,7367,87,2,0.001,,
204,ATGTATGGAAAAGTTATGTGCATGTTGTAG,7439,7469,30,2,0.0,,
205,ATGGTGTTAGAAGGTCCTTTTATGTCTATGCTAATGGAGGTAAAGGCTTTTGCAAACTACACAATTGGAATTGTGTTAATTGTGATACATTCTGTGCTGGTAGTACATTTATTAGTGATGAAGTTGCGAGAGACTTGTCACTACAGTTTAAAAGACCAATAA,7547,7709,162,2,0.003,,
206,ATGGTTCCATCCATCTTTACTTTGATAAAGCTGGTCAAAAGACTTATGAAAGACATTCTCTCTCTCATTTTGTTAACTTAG,7757,7838,81,2,0.001,,
207,ATGTTATAG,7880,7889,9,2,0.0,,
208,ATGGTAAATCAAAATGTGAAGAATCATCTGCAAAATCAGCGTCTGTTTACTACAGTCAGCTTATGTGTCAACCTATACTGTTACTAG,7895,7982,87,2,0.001,,
209,ATGTTGGTGATAGTGCGGAAGTTGCAGTTAAAATGTTTGATGCTTACGTTAATACGTTTTCATCAACTTTTAACGTACCAATGGAAAAACTCAAAACACTAG,8000,8102,102,2,0.002,,
210,ATGTGTCCTTAG,8132,8144,12,2,0.0,,
211,ATGTCTTATCTACTTTTATTTCAGCAGCTCGGCAAGGGTTTGTTGATTCAGATGTAG,8147,8204,57,2,0.001,,
212,ATGTTGTTGAATGTCTTAAATTGTCACATCAATCTGACATAG,8213,8255,42,2,0.001,,
213,ATGCGCAGGTAG,8363,8375,12,2,0.0,,
214,ATGTTGTAA,8519,8528,9,2,0.0,,
215,ATGTCATGTCTAAACATACTGACTTTTCAAGTGAAATCATAG,8645,8687,42,2,0.001,,
216,ATGGTGGTGTCACTCGTGACATAG,8702,8726,24,2,0.0,,
217,ATGCTGATTTTGACACATGGTTTAGCCAGCGTGGTGGTAGTTATACTAATGACAAAGCTTGCCCATTGA,8756,8825,69,2,0.001,,
218,ATGGTGACTTTTTGCATTTCTTACCTAGAGTTTTTAGTGCAGTTGGTAACATCTGTTACACACCATCAAAACTTATAG,8897,8975,78,2,0.001,,
219,ATGCTTCTGGTAAGCCAGTACCATATTGTTATGATACCAATGTACTAG,9035,9083,48,2,0.001,,
220,ATGAAAGTTTACGCCCTGACACACGTTATGTGCTCATGGATGGCTCTATTATTCAATTTCCTAACACCTACCTTGAAGGTTCTGTTAGAGTGGTAA,9098,9194,96,2,0.001,,
221,ATGATTATTACAGATCTTTACCAGGAGTTTTCTGTGGTGTAG,9287,9329,42,2,0.001,,
222,ATGCTGTAA,9329,9338,9,2,0.0,,
223,ATGTAG,9491,9497,6,2,0.0,,
224,ATGATGTTTCTTTTTTAG,9617,9635,18,2,0.0,,
225,ATGGTGTTTCCTTTAGTACTTTTGAAGAAGCTGCGCTGTGCACCTTTTTGTTAA,9767,9821,54,2,0.001,,
226,ATGTGCTATTACCTCTTACGCAATATAATAGATACTTAG,9851,9890,39,2,0.001,,
227,ATGACTTCAGTAACTCAGGTTCTGATGTTCTTTACCAACCACCACAAACCTCTATCACCTCAGCTGTTTTGCAGAGTGGTTTTAGAAAAATGGCATTCCCATCTGGTAAAGTTGAGGGTTGTATGGTACAAGTAA,9980,10115,135,2,0.002,,
228,ATGACGTAG,10151,10160,9,2,0.0,,
229,ATGTGA,10175,10181,6,2,0.0,,
230,ATGAAGATTTACTCATTCGTAAGTCTAATCATAATTTCTTGGTACAGGCTGGTAATGTTCAACTCAGGGTTATTGGACATTCTATGCAAAATTGTGTACTTAAGCTTAAGGTTGATACAGCCAATCCTAAGACACCTAAGTATAAGTTTGTTCGCATTCAACCAGGACAGACTTTTTCAGTGTTAG,10214,10400,186,2,0.003,,
231,ATGGTTCACCATCTGGTGTTTACCAATGTGCTATGA,10409,10445,36,2,0.001,,
232,ATGGTTCATGTGGTAGTGTTGGTTTTAACATAG,10478,10511,33,2,0.001,,
233,ATGACTGTGTCTCTTTTTGTTACATGCACCATATGGAATTACCAACTGGAGTTCATGCTGGCACAGACTTAG,10514,10586,72,2,0.001,,
234,ATGGACCTTTTGTTGACAGGCAAACAGCACAAGCAGCTGGTACGGACACAACTATTACAGTTAATGTTTTAG,10598,10670,72,2,0.001,,
235,ATGGAGACAGGTGGTTTCTCAATCGATTTACCACAACTCTTAATGACTTTAACCTTGTGGCTATGA,10694,10760,66,2,0.001,,
236,ATGAACCTCTAA,10769,10781,12,2,0.0,,
237,ATGTTGACATACTAG,10790,10805,15,2,0.0,,
238,ATGGTATGA,10874,10883,9,2,0.0,,
239,ATGGACGTACCATATTGGGTAGTGCTTTATTAG,10883,10916,33,2,0.001,,
240,ATGAATTTACACCTTTTGATGTTGTTAGACAATGCTCAGGTGTTACTTTCCAAAGTGCAGTGA,10919,10982,63,2,0.001,,
241,ATGAAAATGCCTTTTTACCTTTTGCTATGGGTATTATTGCTATGTCTGCTTTTGCAATGA,11084,11144,60,2,0.001,,
242,ATGCATTTCTCTGTTTGTTTTTGTTACCTTCTCTTGCCACTGTAG,11162,11207,45,2,0.001,,
243,ATGCATCAGCTGTAG,11318,11333,15,2,0.0,,
244,ATGATGATGGTGCTAGGAGAGTGTGGACACTTATGA,11366,11402,36,2,0.001,,
245,ATGTCTTGA,11402,11411,9,2,0.0,,
246,ATGGTAATGCTTTAG,11432,11447,15,2,0.0,,
247,ATGATTACTTAG,11696,11708,12,2,0.0,,
248,ATGCCTTCAAACTCAACATTAAATTGTTGGGTGTTGGTGGCAAACCTTGTATCAAAGTAG,11771,11831,60,2,0.001,,
249,ATGTAA,11855,11861,6,2,0.0,,
250,ATGACATTCTCTTAG,11951,11966,15,2,0.0,,
251,ATGCAGCTTTTGCTACTGCTCAAGAAGCTTATGAGCAGGCTGTTGCTAATGGTGATTCTGAAGTTGTTCTTAAAAAGTTGA,12125,12206,81,2,0.001,,
252,ATGTGGCTAAATCTGAATTTGACCGTGATGCAGCCATGCAACGTAAGTTGGAAAAGATGGCTGATCAAGCTATGA,12218,12293,75,2,0.001,,
253,ATGATGCACTCAACAACATTATCAACAATGCAAGAGATGGTTGTGTTCCCTTGA,12389,12443,54,2,0.001,,
254,ATGGTACAACATTTACTTATGCATCAGCATTGTGGGAAATCCAACAGGTTGTAG,12518,12572,54,2,0.001,,
255,ATGCAGATAGTAAAATTGTTCAACTTAGTGAAATTAGTATGGACAATTCACCTAATTTAG,12572,12632,60,2,0.001,,
256,ATGAGCTTAGTCCTGTTGCACTACGACAGATGTCTTGTGCTGCCGGTACTACACAAACTGCTTGCACTGATGACAATGCGTTAG,12689,12773,84,2,0.001,,
257,ATGGAACTGGTACTATCTATACAGAACTGGAACCACCTTGTAGGTTTGTTACAGACACACCTAAAGGTCCTAAAGTGA,12863,12941,78,2,0.001,,
258,ATGCAACAGAAGTGCCTGCCAATTCAACTGTATTATCTTTCTGTGCTTTTGCTGTAG,13031,13088,57,2,0.001,,
259,ATGCTGCTAAAGCTTACAAAGATTATCTAG,13088,13118,30,2,0.0,,
260,ATGTACAAATACCTACAACTTGTGCTAATGACCCTGTGGGTTTTACACTTAAAAACACAGTCTGTACCGTCTGCGGTATGTGGAAAGGTTATGGCTGTAGTTGTGATCAACTCCGCGAACCCATGCTTCAGTCAGCTGATGCACAATCGTTTTTAA,13310,13466,156,2,0.002,,
261,ATGCATTCTGCATTGTGCAAACTTTAA,14354,14381,27,2,0.0,,
262,ATGGGGTAA,14963,14972,9,2,0.0,,
263,ATGTGA,15302,15308,6,2,0.0,,
264,ATGTTGGACTGA,15833,15845,12,2,0.0,,
265,ATGTGGTGCTTGCATACGTAG,16280,16301,21,2,0.0,,
266,ATGTTGTAA,16310,16319,9,2,0.0,,
267,ATGCTGTTACGACCATGTCATATCAACATCACATAA,16319,16355,36,2,0.001,,
268,ATGTGTTGGTAG,16523,16535,12,2,0.0,,
269,ATGTGA,16568,16574,6,2,0.0,,
270,ATGGGAAGTTGGTAA,16733,16748,15,2,0.0,,
271,ATGTGA,17186,17192,6,2,0.0,,
272,ATGTAG,17222,17228,6,2,0.0,,
273,ATGCTTTAA,17645,17654,9,2,0.0,,
274,ATGTGTTGA,18152,18161,9,2,0.0,,
275,ATGGATTGGCTTCGATGTCGAGGGGTGTCATGCTACTAG,18293,18332,39,2,0.001,,
276,ATGGGCACATGGCTTTGA,18593,18611,18,2,0.0,,
277,ATGTGA,18665,18671,6,2,0.0,,
278,ATGCTTTTCCACTGCTTCAGACACTTATGCCTGTTGGCATCATTCTATTGGATTTGA,18683,18740,57,2,0.001,,
279,ATGGGGTTTTACAGGTAA,18776,18794,18,2,0.0,,
280,ATGGAAGTTCTATGA,19079,19094,15,2,0.0,,
281,ATGCCTATTTTGGAATTGCAATGTCGATAG,19181,19211,30,2,0.0,,
282,ATGTGA,19391,19397,6,2,0.0,,
283,ATGGGATCTCATTATTAG,21026,21044,18,2,0.0,,
284,ATGGTGGACAGCCTTTGTTACTAA,21221,21245,24,2,0.0,,
285,ATGTAA,21281,21287,6,2,0.0,,
286,ATGTTACTTGGTTCCATGCTATACATGTCTCTGGGACCAATGGTACTAAGAGGTTTGATAACCCTGTCCTACCATTTAATGATGGTGTTTATTTTGCTTCCACTGAGAAGTCTAACATAA,21743,21863,120,2,0.002,,
287,ATGTTGTTATTAAAGTCTGTGAATTTCAATTTTGTAATGATCCATTTTTGGGTGTTTATTACCACAAAAACAACAAAAGTTGGATGGAAAGTGAGTTCAGAGTTTATTCTAGTGCGAATAATTGCACTTTTGAATATGTCTCTCAGCCTTTTCTTATGGACCTTGAAGGAAAACAGGGTAATTTCAAAAATCTTAGGGAATTTGTGTTTAAGAATATTGATGGTTATTTTAAAATATATTCTAAGCACACGCCTATTAATTTAG,21935,22199,264,2,0.004,,
288,ATGTGGGTTATCTTCAACCTAGGACTTTTCTATTAA,22358,22394,36,2,0.001,,
289,ATGAAAATGGAACCATTACAGATGCTGTAG,22400,22430,30,2,0.0,,
290,ATGCTTGGAACAGGAAGAGAATCAGCAACTGTGTTGCTGATTATTCTGTCCTATATAATTCCGCATCATTTTCCACTTTTAAGTGTTATGGAGTGTCTCCTACTAAATTAA,22613,22724,111,2,0.002,,
291,ATGATCTCTGCTTTACTAATGTCTATGCAGATTCATTTGTAA,22724,22766,42,2,0.001,,
292,ATGAAGTCAGACAAATCGCTCCAGGGCAAACTGGAAAGATTGCTGATTATAATTATAAATTACCAGATGATTTTACAGGCTGCGTTATAG,22775,22865,90,2,0.001,,
293,ATGGTGTTGAAGGTTTTAATTGTTACTTTCCTTTACAATCATATGGTTTCCAACCCACTAATGGTGTTGGTTACCAACCATACAGAGTAG,23003,23093,90,2,0.001,,
294,ATGCACCAGCAACTGTTTGTGGACCTAAAAAGTCTACTAATTTGGTTAAAAACAAATGTGTCAATTTCAACTTCAATGGTTTAA,23117,23201,84,2,0.001,,
295,ATGCTGTCCGTGATCCACAGACACTTGAGATTCTTGACATTACACCATGTTCTTTTGGTGGTGTCAGTGTTATAA,23282,23357,75,2,0.001,,
296,ATGTTAACTGCACAGAAGTCCCTGTTGCTATTCATGCAGATCAACTTACTCCTACTTGGCGTGTTTATTCTACAGGTTCTAATGTTTTTCAAACACGTGCAGGCTGTTTAA,23402,23513,111,2,0.002,,
297,ATGTCAACAACTCATATGAGTGTGACATACCCATTGGTGCAGGTATATGCGCTAGTTATCAGACTCAGACTAATTCTCCTCGGCGGGCACGTAGTGTAG,23525,23624,99,2,0.002,,
298,ATGGCAGTTTTTGTACACAATTAA,23828,23852,24,2,0.0,,
299,ATGCTGGCTTCATCAAACAATATGGTGATTGCCTTGGTGATATTGCTGCTAGAGACCTCATTTGTGCACAAAAGTTTAACGGCCTTACTGTTTTGCCACCTTTGCTCACAGATGAAATGA,24050,24170,120,2,0.002,,
300,ATGGTATTGGAGTTACACAGAATGTTCTCTATGAGAACCAAAAATTGA,24281,24329,48,2,0.001,,
301,ATGTGGTCAACCAAAATGCACAAGCTTTAA,24410,24440,30,2,0.0,,
302,ATGATATCCTTTCACGTCTTGACAAAGTTGAGGCTGAAGTGCAAATTGATAGGTTGA,24494,24551,57,2,0.001,,
303,ATGTGA,24581,24587,6,2,0.0,,
304,ATGGTGTAG,24734,24743,9,2,0.0,,
305,ATGTGA,24752,24758,6,2,0.0,,
306,ATGTCCCTGCACAAGAAAAGAACTTCACAACTGCTCCTGCCATTTGTCATGATGGAAAAGCACACTTTCCTCGTGAAGGTGTCTTTGTTTCAAATGGCACACACTGGTTTGTAA,24761,24875,114,2,0.002,,
307,ATGAACCACAAATCATTACTACAGACAACACATTTGTGTCTGGTAACTGTGATGTTGTAA,24890,24950,60,2,0.001,,
308,ATGATCCTTTGCAACCTGAATTAG,24974,24998,24,2,0.0,,
309,ATGTTGATTTAG,25049,25061,12,2,0.0,,
310,ATGCTTCAGTTGTAA,25079,25094,15,2,0.0,,
311,ATGAGGTTGCCAAGAATTTAA,25121,25142,21,2,0.0,,
312,ATGAATCTCTCATCGATCTCCAAGAACTTGGAAAGTATGAGCAGTATATAA,25142,25193,51,2,0.001,,
313,ATGAAGACGACTCTGAGCCAGTGCTCAAAGGAGTCAAATTACATTACACATAAACGAACTTATGGATTTGTTTATGAGAATCTTCACAATTGGAACTGTAACTTTGAAGCAAGGTGA,25331,25448,117,2,0.002,,
314,ATGGCTTATTGTTGGCGTTGCACTTCTTGCTGTTTTTCAGAGCGCTTCCAAAATCATAACCCTCAAAAAGAGATGGCAACTAGCACTCTCCAAGGGTGTTCACTTTGTTTGCAACTTGCTGTTGTTGTTTGTAACAGTTTACTCACACCTTTTGCTCGTTGCTGCTGGCCTTGA,25523,25697,174,2,0.003,,
315,ATGCCGTTCCAAAAACCCATTACTTTATGA,25787,25817,30,2,0.0,,
316,ATGGGAATCTGGAGTAAAAGACTGTGTTGTATTACACAGTTACTTCACTTCAGACTATTACCAGCTGTACTCAACTCAATTGAGTACAGACACTGGTGTTGA,25967,26069,102,2,0.002,,
317,ATGGCAGATTCCAACGGTACTATTACCGTTGAAGAGCTTAAAAAGCTCCTTGAACAATGGAACCTAGTAATAGGTTTCCTATTCCTTACATGGATTTGTCTTCTACAATTTGCCTATGCCAACAGGAATAGGTTTTTGTATATAATTAAGTTAATTTTCCTCTGGCTGTTATGGCCAGTAACTTTAGCTTGTTTTGTGCTTGCTGCTGTTTACAGAATAAATTGGATCACCGGTGGAATTGCTATCGCAATGGCTTGTCTTGTAGGCTTGATGTGGCTCAGCTACTTCATTGCTTCTTTCAGACTGTTTGCGCGTACGCGTTCCATGTGGTCATTCAATCCAGAAACTAACATTCTTCTCAACGTGCCACTCCATGGCACTATTCTGACCAGACCGCTTCTAGAAAGTGAACTCGTAATCGGAGCTGTGATCCTTCGTGGACATCTTCGTATTGCTGGACACCATCTAGGACGCTGTGACATCAAGGACCTGCCTAAAGAAATCACTGTTGCTACATCACGAACGCTTTCTTATTACAAATTGGGAGCTTCGCAGCGTGTAGCAGGTGACTCAGGTTTTGCTGCATACAGTCGCTACAGGATTGGCAACTATAAATTAAACACAGACCATTCCAGTAGCAGTGACAATATTGCTTTGCTTGTACAGTAA,26522,27191,669,2,0.01,,
318,ATGATTGAACTTTCATTAATTGACTTCTATTTGTGCTTTTTAGCCTTTCTGCTATTCCTTGTTTTAATTATGCTTATTATCTTTTGGTTCTCACTTGAACTGCAAGATCATAATGAAACTTGTCACGCCTAA,27755,27887,132,2,0.002,,
319,ATGAAATTTCTTGTTTTCTTAGGAATCATCACAACTGTAGCTGCATTTCACCAAGAATGTAGTTTACAGTCATGTACTCAACATCAACCATATGTAGTTGATGACCCGTGTCCTATTCACTTCTATTCTAAATGGTATATTAGAGTAGGAGCTAGAAAATCAGCACCTTTAATTGAATTGTGCGTGGATGAGGCTGGTTCTAAATCACCCATTCAGTACATCGATATCGGTAATTATACAGTTTCCTGTTTACCTTTTACAATTAATTGCCAGGAACCTAAATTGGGTAGTCTTGTAGTGCGTTGTTCGTTCTATGAAGACTTTTTAGAGTATCATGACGTTCGTGTTGTTTTAGATTTCATCTAA,27893,28259,366,2,0.006,,
320,ATGGACCCCAAAATCAGCGAAATGCACCCCGCATTACGTTTGGTGGACCCTCAGATTCAACTGGCAGTAACCAGAATGGAGAACGCAGTGGGGCGCGATCAAAACAACGTCGGCCCCAAGGTTTACCCAATAATACTGCGTCTTGGTTCACCGCTCTCACTCAACATGGCAAGGAAGACCTTAAATTCCCTCGAGGACAAGGCGTTCCAATTAACACCAATAGCAGTCCAGATGACCAAATTGGCTACTACCGAAGAGCTACCAGACGAATTCGTGGTGGTGACGGTAAAATGA,28283,28577,294,2,0.005,,
321,ATGGTGCTAACAAAGACGGCATCATATGGGTTGCAACTGAGGGAGCCTTGA,28640,28691,51,2,0.001,,
322,ATGCTGCAATCGTGCTACAACTTCCTCAAGGAACAACATTGCCAAAAGGCTTCTACGCAGAAGGGAGCAGAGGCGGCAGTCAAGCCTCTTCTCGTTCCTCATCACGTAGTCGCAACAGTTCAAGAAATTCAACTCCAGGCAGCAGTAGGGGAACTTCTCCTGCTAGAATGGCTGGCAATGGCGGTGATGCTGCTCTTGCTTTGCTGCTGCTTGACAGATTGA,28733,28955,222,2,0.003,,
323,ATGTAA,29078,29084,6,2,0.0,,
324,ATGACAAAGATCCAAATTTCAAAGATCAAGTCATTTTGCTGA,29291,29333,42,2,0.001,,
325,ATGAAACTCAAGCCTTACCGCAGAGACAGAAGAAACAGCAAACTGTGA,29402,29450,48,2,0.001,,
326,ATGATTTCTCCAAACAATTGCAACAATCCATGA,29474,29507,33,2,0.001,,
327,ATGCAGACCACACAAGGCAGATGGGCTATATAA,29537,29570,33,2,0.001,,
328,ATGTAG,29648,29654,6,2,0.0,,
329,ATGGGGATAGCACTACTAAAATTAATTTTACACATTAGGGCTCTTCCATATAGGCAGCTCTCCCTAGCATTGTTCACTGTACACTCGATCGTACTCCGCGTGGCCTCGGTGAAAATGTGGTGGCTCTTTCAAGTCCTCCCTAATGTTACACACTGA,63,219,156,0,0.002,,
330,ATGTGA,231,237,6,0,0.0,,
331,ATGTTTTGTATGCGTCAATATGCTTATTCAGCAAAATGA,543,582,39,0,0.001,,
332,ATGCTTTAG,828,837,9,0,0.0,,
333,ATGAGGAACGAGAAGAGGCTTGACTGCCGCCTCTGCTCCCTTCTGCGTAGAAGCCTTTTGGCAATGTTGTTCCTTGAGGAAGTTGTAGCACGATTGCAGCATTGTTAG,1068,1176,108,0,0.002,,
334,ATGATACTCTAA,1674,1686,12,0,0.0,,
335,ATGTTGAGTACATGA,1926,1941,15,0,0.0,,
336,ATGATCTTGCAGTTCAAGTGA,2037,2058,21,0,0.0,,
337,ATGAACAGTTTAGGTGAAACTGATCTGGCACGTAACTGA,2247,2286,39,0,0.001,,
338,ATGTTCGTTTAA,2508,2520,12,0,0.0,,
339,ATGAGGTTTATGATGTAA,2595,2613,18,0,0.0,,
340,ATGGAAACTTTAAAAGTCCTCATAATAATTAGTAATATCTCTGCTATAGTAACCTGA,2625,2682,57,0,0.001,,
341,ATGGTCTGTGTTTAA,2751,2766,15,0,0.0,,
342,ATGGTGTCCAGCAATACGAAGATGTCCACGAAGGATCACAGCTCCGATTACGAGTTCACTTTCTAG,2916,2982,66,0,0.001,,
343,ATGGAGTGGCACGTTGAGAAGAATGTTAGTTTCTGGATTGAATGA,3006,3051,45,0,0.001,,
344,ATGGCTAGTGTAACTAGCAAGAATACCACGAAAGCAAGAAAAAGAAGTACGCTATTAACTATTAACGTACCTGTCTCTTCCGAAACGAATGAGTACATAAGTTCGTACTCATCAGCTTGTGCTTACAAAGGCACGCTAGTAGTCGTCGTCGGTTCATCATAA,3561,3723,162,0,0.003,,
345,ATGAAGAAGGTAACATGTTCAACACCAGTGTCTGTACTCAATTGA,3816,3861,45,0,0.001,,
346,ATGACAATTGAAGAAGTTACACTATTGTAA,4005,4035,30,0,0.0,,
347,ATGATTTTGGAAGCGCTCTGA,4323,4344,21,0,0.0,,
348,ATGTGTAATGTAATTTGA,4521,4539,18,0,0.0,,
349,ATGGCCATTTTATATACTGCTCATACTTTCCAAGTTCTTGGAGATCGATGA,4701,4752,51,0,0.001,,
350,ATGTATGATTCTTAA,4860,4875,15,0,0.0,,
351,ATGAGTCTAATTCAGGTTGCAAAGGATCATAAACTGTGTTGTTGA,4899,4944,45,0,0.001,,
352,ATGTGTTGTCTGTAG,4980,4995,15,0,0.0,,
353,ATGTCTGCAAACTTTGAAGTCTGCCTGTGA,5322,5352,30,0,0.0,,
354,ATGGTATTTGTAATGCAGCACCTGCACCAAAGGTCCAACCAGAAGTGA,5649,5697,48,0,0.001,,
355,ATGACCTCTTGCTTGGTTTTGATGGATCTGGTAATATTTGTGAAAAATTAA,5892,5943,51,0,0.001,,
356,ATGTCTTGGTCATAG,6138,6153,15,0,0.0,,
357,ATGAGTTGTTGA,6363,6375,12,0,0.0,,
358,ATGGTGTAA,6573,6582,9,0,0.0,,
359,ATGGTTGGTAACCAACACCATTAG,6819,6843,24,0,0.0,,
360,ATGATTGTAAAGGAAAGTAACAATTAA,6858,6885,27,0,0.0,,
361,ATGAATCTGCATAGACATTAG,7143,7164,21,0,0.0,,
362,ATGATGCGGAATTATATAGGACAGAATAATCAGCAACACAGTTGCTGA,7221,7269,48,0,0.001,,
363,ATGCAAATCTGGTGGCGTTAA,7296,7317,21,0,0.0,,
364,ATGGTTCTAAAGCCGAAAAACCCTGAGGGAGATCACGCACTAAATTAA,7665,7713,48,0,0.001,,
365,ATGGATCATTACAAAATTGAAATTCACAGACTTTAA,7923,7959,36,0,0.001,,
366,ATGGTAGGACAGGGTTATCAAACCTCTTAG,8085,8115,30,0,0.0,,
367,ATGCAGGGGGTAATTGAGTTCTGGTTGTAA,8259,8289,30,0,0.0,,
368,ATGTCAAATAAAGAATAG,8505,8523,18,0,0.0,,
369,ATGTAA,8559,8565,6,0,0.0,,
370,ATGACATAA,8574,8583,9,0,0.0,,
371,ATGAGCTTATAA,8694,8706,12,0,0.0,,
372,ATGTAA,8787,8793,6,0,0.0,,
373,ATGAGATCCCATTTATTAGCTGTATGTACAGTTGCACAATCACCAATCAAAGTTGAATCTGCATCAGAGACAAAGTCATTAAGATCTGAATCGACAAGCAGCGTACCCGTAGGCAACCACTGTCTTAAAACAGCTGTACCTGGTGCAACTCCTTTATCAGAACCAGCACCAAAATGTATAACTCTCATATTATAG,8865,9060,195,0,0.003,,
374,ATGCCTTTAGGTAATGTTGCACTATCACCATAA,9126,9159,33,0,0.001,,
375,ATGAAATAG,9444,9453,9,0,0.0,,
376,ATGAATTCATCCATAGCTAATTCTAAGAAATCAATTTCCATTTGA,9618,9663,45,0,0.001,,
377,ATGTCAGTCATAGAACAAACACCAATAGTAGATATATGTGCTGGAGCATCTCTTTTGTAG,9963,10023,60,0,0.001,,
378,ATGTCCACACCCAAATTATTGAGTATTTTCACCTCTGGTACTGGTTTAATGTTGCGCTTAGCCCAAAGCTCAAATGCTACATTAACAGGTAATGTTGTTTTATTTTCAAACAATTCTACATCAACACCATCAACTTTTGTGTAA,10047,10191,144,0,0.002,,
379,ATGATAGAAACTGGTACTTCACCCTGTTGTCCATCAAAGTGTCCCTTATTTACAACATTAAAAGCCACATTTTCTAAACTCTGA,10203,10287,84,0,0.001,,
380,ATGTTATAA,10365,10374,9,0,0.0,,
381,ATGGAATTAGCAGGATATCTATCGACATTGCAATTCCAAAATAGGCATACACCATCTGTGAATTTGTCAGAATGTGTGGCATAA,10674,10758,84,0,0.001,,
382,ATGTCGTGA,10869,10878,9,0,0.0,,
383,ATGTGTTGA,10920,10929,9,0,0.0,,
384,ATGATTGCATCACAACTAGCTACATGTGCATTACCATGGACTTGA,11037,11082,45,0,0.001,,
385,ATGAGGTGTTTAAATTGA,11415,11433,18,0,0.0,,
386,ATGTTAGGGTAA,11649,11661,12,0,0.0,,
387,ATGAGTCTTCTATAG,11700,11715,15,0,0.0,,
388,ATGTCCTTAGGTATGCCAGGTATGTCAACACATAAACCTTCAGTTTTGAATTTAGTGTCAACACTGAGGTGTGTAGGTGCCTGTGTAGGATGTAACCCAGTGATTACCTTACTACAATCTTTAAAGAGTCCTGTTACATTTTCAGCTTGTAAAGTTGCCACATTCCTACGTGGAATTTCAAGACTTGTAAATTGCAACTTGTCATAA,11718,11925,207,0,0.003,,
389,ATGCAAAGTATGCCTACTTTTGCTCTGGTAATAGCAACATTAAATCTGTTTACATTACAAGAGTGA,11943,12009,66,0,0.001,,
390,ATGACATAG,12033,12042,9,0,0.0,,
391,ATGTCTGGACCTATAGTTTTCATAAGTCTACACACTGAATTGAAATATTCTGGTTCTAGTGTGCCCTTAGTTAGCAATGTGCGTGGTGCAGGTAATTGA,12360,12459,99,0,0.002,,
392,ATGTACACATAG,12471,12483,12,0,0.0,,
393,ATGCGAGCAGAAGGGTAG,12756,12774,18,0,0.0,,
394,ATGTAA,13305,13311,6,0,0.0,,
395,ATGGGTGGTTTATGTGATTTACAATAA,13431,13458,27,0,0.0,,
396,ATGACATGGTCGTAA,13563,13578,15,0,0.0,,
397,ATGCAAGCACCACATCTTAATGAAGTCTGTGAATTGCAAAGAACACAAGCCCCAACAGCCTGTAAGACTGTATGCGGTGTGTACATAGCCTCATAA,13608,13704,96,0,0.001,,
398,ATGTCTAACATGTGTCCTGTTAACTCATCATGTAGCTTTCTTATGTATTGTAAGTACAAATGA,13758,13821,63,0,0.001,,
399,ATGCTAGCCACTAGACCTTGA,14127,14148,21,0,0.0,,
400,ATGTTAAAAACACTATTAGCATAA,14376,14400,24,0,0.0,,
401,ATGACCATTTCACTCAATACTTGA,14460,14484,24,0,0.0,,
402,ATGTTAGGCATGGCTCTATCACATTTAGGATAA,14577,14610,33,0,0.001,,
403,ATGTTGTGCCAACCACCATAG,14661,14682,21,0,0.0,,
404,ATGGCATACTTAAGATTCATTTGA,14820,14844,24,0,0.0,,
405,ATGACATTACGTTTTGTATATGCGAAAAGTGCATCTTGA,14856,14895,39,0,0.001,,
406,ATGACTTGGTTAGCATTAATACAGCCACCATCGTAA,14982,15018,36,0,0.001,,
407,ATGCATCTGTCATCCAAACAGTTAACACAATTTGGGTGGTATGTCTGA,15543,15591,48,0,0.001,,
408,ATGTAA,15666,15672,6,0,0.0,,
409,ATGAAATCACCGAAATCATACCAGTTACCATTGAGATCTTGA,15795,15837,42,0,0.001,,
410,ATGGCATCACAGAATTGTACTGTTTTTAACAAAGCTTGGCGTACACGTTCACCTAAGTTGGCGTATACGCGTAATATATCTGGGTTTTCTACAAAATCATACCAGTCCTTTTTATTGAAATAA,15876,15999,123,0,0.002,,
411,ATGTCACCGTCTATTCTAAACTTAAAGAAGTCATGTTTAGCAACAGCTGGACAATCCTTAAGTAAATTATAA,16134,16206,72,0,0.001,,
412,ATGTCAAAAGCCCTGTATACGACATCAGTACTAGTGCCTGTGCCGCACGGTGTAAGACGGGCTGCACTTACACCGCAAACCCGTTTAAAAACGATTGTGCATCAGCTGACTGAAGCATGGGTTCGCGGAGTTGATCACAACTACAGCCATAACCTTTCCACATACCGCAGACGGTACAGACTGTGTTTTTAA,16353,16545,192,0,0.003,,
413,ATGCACCACCAAAGGATTCTTGATCCATATTGGCTTCCGGTGTAA,16665,16710,45,0,0.001,,
414,ATGCTAAATTAG,17268,17280,12,0,0.0,,
415,ATGCTGATGCATAAGTAA,17355,17373,18,0,0.0,,
416,ATGTTGTACCATCACACGTATTTTTATATGTGTTATAGTCTGGTATGA,17373,17421,48,0,0.001,,
417,ATGATGGAAGGGAACTAA,17778,17796,18,0,0.0,,
418,ATGATGATTCTACTCTGA,17985,18003,18,0,0.0,,
419,ATGTGCACTTTACATCTGACATTTTAG,18033,18060,27,0,0.0,,
420,ATGCATACATAA,18579,18591,12,0,0.0,,
421,ATGTCATAA,18642,18651,9,0,0.0,,
422,ATGCATGCTTATGTTTGA,18735,18753,18,0,0.0,,
423,ATGAAGCACACATATCTAAAACGGCAATTCCAGTTTGAGCAGAAAGAGGTCCTAGTATGTCAACATGGTCTTGTGTTAGAGGTTCATAATTGTACTTCATAG,19047,19149,102,0,0.002,,
424,ATGAACCATTAA,19416,19428,12,0,0.0,,
425,ATGAACCCTTAA,19431,19443,12,0,0.0,,
426,ATGGTGAACCATTGTAACAAGCTAACACTGAAAAAGTCTGTCCTGGTTGAATGCGAACAAACTTATACTTAG,19482,19554,72,0,0.001,,
427,ATGGGAATGCCATTTTTCTAA,19821,19842,21,0,0.0,,
428,ATGTCAAGTACAAGTAAATAA,20298,20319,21,0,0.0,,
429,ATGAGTAAACTGGTGTTAAACAGAGTACAGTGA,20340,20373,33,0,0.001,,
430,ATGACATAA,20373,20382,9,0,0.0,,
431,ATGTTACTACGATAG,20463,20478,15,0,0.0,,
432,ATGCTGATATGTCCAAAGCACCAATAG,20502,20529,27,0,0.0,,
433,ATGGTACTGGCTTACCAGAAGCATCTTTAA,20844,20874,30,0,0.0,,
434,ATGTTGCAAAGTCAGTGTACTCTATAA,20907,20934,27,0,0.0,,
435,ATGGTGTGTAACAGATGTTACCAACTGCACTAA,20940,20973,33,0,0.001,,
436,ATGGGCAAGCTTTGTCATTAG,21081,21102,21,0,0.0,,
437,ATGTGTCAAAATCAGCATGTTTGTTAG,21129,21156,27,0,0.0,,
438,ATGCTATGTCACGAGTGA,21174,21192,18,0,0.0,,
439,ATGTCAACTTAA,21408,21420,12,0,0.0,,
440,ATGACATGA,21477,21486,9,0,0.0,,
441,ATGAAAACGTATTAA,21840,21855,15,0,0.0,,
442,ATGCCTGATCTAGTAACAGTATAG,21912,21936,24,0,0.0,,
443,ATGATTCTTCACATTTTGATTTACCATCAAAAACTATAA,21981,22020,39,0,0.001,,
444,ATGAACCTTTAG,22032,22044,12,0,0.0,,
445,ATGTACTACCAGCACAGAATGTATCACAATTAA,22248,22281,33,0,0.001,,
446,ATGAATTACAACCGTCTACAACATGCACATAACTTTTCCATACATAATAAAATGATGCAAAGAAGATGTACATTCTAA,22419,22497,78,0,0.001,,
447,ATGCCAAAAACCACTCTGCAACTAAGCCAAAAGCAGTTAAATCCCATTTAA,22647,22698,51,0,0.001,,
448,ATGAAATGGTAA,22701,22713,12,0,0.0,,
449,ATGAAGCCTCTAGACAAAATTTACCGACACTCTTAA,22995,23031,36,0,0.001,,
450,ATGCTTTAA,23061,23070,9,0,0.0,,
451,ATGTTTCAACTGGTTTTGTGCTCCAAAGACAACGTATACACCAGGTATTTGGTTTATACGTGGCTTTATTAG,23574,23646,72,0,0.001,,
452,ATGTAA,23763,23769,6,0,0.0,,
453,ATGGTTGGTTTGGTACAAGATCAATTGGTTGCTCTGTGA,23880,23919,39,0,0.001,,
454,ATGTACCATGCTTAA,24177,24192,15,0,0.0,,
455,ATGCAGTGGCAAGATAACAGTTGTTATCTGCCCATTTAA,24600,24639,39,0,0.001,,
456,ATGCTGACATGTACCTACCCAGAAAACTAG,24690,24720,30,0,0.0,,
457,ATGTTTTACCTTCATGTGAATTATGAGGTTTTATTTTAG,24786,24825,39,0,0.001,,
458,ATGTCATTGACATGTCCACAACTTGCGTGTGGAGGTTAA,24870,24909,39,0,0.001,,
459,ATGTGGTAG,25008,25017,9,0,0.0,,
460,ATGGTAGAATGTAAAAGGCACTTTTACACTTTTTAA,25566,25602,36,0,0.001,,
461,ATGGAGCATCTTTCTTTAAGAAAGTGA,25785,25812,27,0,0.0,,
462,ATGGCTTAA,25998,26007,9,0,0.0,,
463,ATGGTGCAAGTAGAACTTCGTGCTGATTAA,26196,26226,30,0,0.0,,
464,ATGGCTCAAACTCTTCTTCTTCACAATCACCTTCTTCTTCATCCTCATCTGGAGGGTAGAAAGAACAATACATATGTGAAGCCAATTTAA,26808,26898,90,0,0.001,,
465,ATGTAG,26925,26931,6,0,0.0,,
466,ATGGAGCTTCAACAGCTTCACTAG,27306,27330,24,0,0.0,,
467,ATGGTTGTAAATCACCAGTTTTCAAGACAACTTCCTCTGTTAACACTTCTGTGGGAAGTGTTTCTCCCTCTAAGAAGATAA,27342,27423,81,0,0.001,,
468,ATGTTTCACCTAAATTCAAGGCTTTAA,27513,27540,27,0,0.0,,
469,ATGTCTGAACACTCTCCTTAA,27606,27627,21,0,0.0,,
470,ATGTGA,27876,27882,6,0,0.0,,
471,ATGCAAATGCATAAAGAGGACTCAGTATTGATTTCTGTTCACCAATATTCCAGGCACCTTTTTTAG,28026,28092,66,0,0.001,,
472,ATGCTTTATAATCCAAACCTTTCACAGTTTCCACAAAAGCACTTGTGGAAGCAGAAAAAGATGCCAAAATAA,28143,28215,72,0,0.001,,
473,ATGCTGGACAATAAATTTTAA,28521,28542,21,0,0.0,,
474,ATGAAGTTTCACCACAATGATCACACTTCATGA,28647,28680,33,0,0.001,,
475,ATGAAGCTTTACCAGCACGTGCTAGAAGGTCTTTAA,29001,29037,36,0,0.001,,
476,ATGCCCCTCCGTTAA,29094,29109,15,0,0.0,,
477,ATGACTTTAGATCGGCGCCGTAACTATGGCCACCAGCTCCTTTATTACCGTTCTTACGAAGAAGAACCTTGCGGTAAGCCACTGGTATTTCGCCCACATGAGGGACAAGGACACCAAGTGTCTCACCACTACGACCGTACTGAATGCCTTCGAGTTCTGCTACCAGCTCAACCATAA,29211,29388,177,0,0.003,,
478,ATGATCGGCTGCAACACGGACGAAACCGTAAGCAGCCTGCAGAAGATAGACGAGTTACTCGTGTCCTGTCAACGACAGTAA,29679,29760,81,0,0.001,,
479,ATGTTACACACTGATTAA,205,223,18,1,0.0,,
480,ATGAGTTTAGGCCTGAGTTGA,364,385,21,1,0.0,,
481,ATGCTTATTCAGCAAAATGACTTGATCTTTGAAATTTGGATCTTTGTCATCCAATTTGATGGCACCTGTGTAGGTCAACCACGTTCCCGAAGGTGTGACTTCCATGCCAATGCGCGACATTCCGAAGAACGCTGA,562,697,135,1,0.002,,
482,ATGTTTGTAATCAGTTCCTTGTCTGATTAG,730,760,30,1,0.0,,
483,ATGTTGAGTGAGAGCGGTGAACCAAGACGCAGTATTATTGGGTAA,1453,1498,45,1,0.001,,
484,ATGAAATCTAAAACAACACGAACGTCATGA,1648,1678,30,1,0.0,,
485,ATGTACTGA,1789,1798,9,1,0.0,,
486,ATGGGTGATTTAGAACCAGCCTCATCCACGCACAATTCAATTAAAGGTGCTGATTTTCTAGCTCCTACTCTAATATACCATTTAGAATAG,1798,1888,90,1,0.001,,
487,ATGATTCCTAAGAAAACAAGAAATTTCATGTTCGTTTAG,1981,2020,39,1,0.001,,
488,ATGGTGAATTGCCCTCGTATGTTCCAGAAGAGCAAGGTTCTTTTAAAAGTACTGTTGTACCTCTAA,2374,2440,66,1,0.001,,
489,ATGTCACAGCGTCCTAGATGGTGTCCAGCAATACGAAGATGTCCACGAAGGATCACAGCTCCGATTACGAGTTCACTTTCTAGAAGCGGTCTGGTCAGAATAGTGCCATGGAGTGGCACGTTGAGAAGAATGTTAGTTTCTGGATTGAATGACCACATGGAACGCGTACGCGCAAACAGTCTGAAAGAAGCAATGAAGTAG,2899,3100,201,1,0.003,,
490,ATGGCTAAAATTAAAGTTCCAAACAGAAAAACTAATATAATATTTAGTTCGTTTAGACCAGAAGATCAGGAACTCTAG,3379,3457,78,1,0.001,,
491,ATGAGTACATAA,3649,3661,12,1,0.0,,
492,ATGAACCGTCGATTGTGTGAATTTGGACATGTTCTTCAGGCTCATCAACAATTTTATTGTAGATGA,3754,3820,66,1,0.001,,
493,ATGGGTTTTTGGAACGGCATTTCCAGCAAAGCCAAAGCCTCATTATTATTCTTACAAAGTTTATACTCTGCAAGAAGTAGACTAAAGCATAAAGATAGAGAAAAGGGGCTTCAAGGCCAGCAGCAACGAGCAAAAGGTGTGAGTAAACTGTTACAAACAACAACAGCAAGTTGCAAACAAAGTGAACACCCTTGGAGAGTGCTAGTTGCCATCTCTTTTTGA,4096,4318,222,1,0.003,,
494,ATGTAA,4528,4534,6,1,0.0,,
495,ATGATTCTTAAAATATTTATCTAA,4864,4888,24,1,0.0,,
496,ATGACAAATGGCAGGAGCAGTTGTGAAGTTCTTTTCTTGTGCAGGGACATAAGTCACATGCAAGAAGACTACACCATGAGGTGCTGA,5092,5179,87,1,0.001,,
497,ATGATAGCCCTTTCCACAAAAATCAACTCTTTTTGA,5197,5233,36,1,0.001,,
498,ATGTTCAGCCCCTATTAA,6376,6394,18,1,0.0,,
499,ATGAATAGCAACAGGGACTTCTGTGCAGTTAACATCCTGATAAAGAACAGCAACCTGGTTAGAAGTATTTGTTCCTGGTGTTATAACACTGACACCACCAAAAGAACATGGTGTAATGTCAAGAATCTCAAGTGTCTGTGGATCACGGACAGCATCAGTAGTGTCAGCAATGTCTCTGCCAAATTGTTGGAAAGGCAGAAACTTTTTGTTAGACTCAGTAAGAACACCTGTGCCTGTTAA,6466,6706,240,1,0.004,,
500,ATGTAG,6784,6790,6,1,0.0,,
501,ATGTAA,7606,7612,6,1,0.0,,
502,ATGTATAGCATGGAACCAAGTAACATTGGAAAAGAAAGGTAA,8134,8176,42,1,0.001,,
503,ATGTAA,8194,8200,6,1,0.0,,
504,ATGCTTCAGATGATGACGCATTCACATTAG,8632,8662,30,1,0.0,,
505,ATGCGAAGTGTCCCATGA,8680,8698,18,1,0.0,,
506,ATGTTAATGTGTTTAAATATTGACACAGTTGAGTATATTTTGCGACATTCATCATTATGCCTTTAG,9070,9136,66,1,0.001,,
507,ATGTTGCACTATCACCATAATTTTGAAGGTCACACTTTTCTAATAGCATTCTTTGCATTTTGTAAAGATTAG,9139,9211,72,1,0.001,,
508,ATGTTTCTACATGGCCATCTTTACACCAAAGCATAA,9262,9298,36,1,0.001,,
509,ATGAAATTTCTGTATAGTCAATAG,9298,9322,24,1,0.0,,
510,ATGAACCTGTTTGCGCATCTGTTATGA,9421,9448,27,1,0.0,,
511,ATGTGA,9784,9790,6,1,0.0,,
512,ATGGTTGTAAACCTTTAA,9823,9841,18,1,0.0,,
513,ATGCTACATTAA,10120,10132,12,1,0.0,,
514,ATGTTGTTTTATTTTCAAACAATTCTACATCAACACCATCAACTTTTGTGTAAACAGTGTTATTAA,10138,10204,66,1,0.001,,
515,ATGGACTGTCAGAGTAATAGAAAAATGGTAATTGTTTTAAATTAA,10510,10555,45,1,0.001,,
516,ATGCATGTTTATTTACATACAAACTGCCACCATCACAACCAGGCAAGTTAA,10588,10639,51,1,0.001,,
517,ATGCAGCTTTAA,10903,10915,12,1,0.0,,
518,ATGTGGCACGTCTATCACATAGACAACAGGTGCGCTCAGGTCCTATTTTCACAAAATACTTCATAG,11218,11284,66,1,0.001,,
519,ATGTCAACTCAAAGCCATGTGCCCATAAGACAAATACGACTCTGTCAGAGAGATTTTTAA,11284,11344,60,1,0.001,,
520,ATGCACGTACATGTCTTATAG,11608,11629,21,1,0.0,,
521,ATGAATCAACAGTTTGAGTTGGTAGTCCCAAAATCTTTGAGGCTACAGCATTCTGTGAATTATAAGGTGAAATAA,12061,12136,75,1,0.001,,
522,ATGAAACATCATGCGTGA,12211,12229,18,1,0.0,,
523,ATGTGCGTGGTGCAGGTAATTGAGCAGGGTCGCCAATGTACACATAGTGCTTAG,12436,12490,54,1,0.001,,
524,ATGCATTTACAGTACAAAAGACATACTGTTCTAATGTTGAATTCACTTTGA,12580,12631,51,1,0.001,,
525,ATGCCTTCTCACATAGTGCATCAACAGCGGCATGAGAGCAAGCTGTATACACTATGCGAGCAGAAGGGTAGTAGAGAGCTAGGCCAATAG,12703,12793,90,1,0.001,,
526,ATGGCATTACTGTATGTGATGTCAGCACAAAATAATCACCAACATTTAATTTGTAAGTTGTTGTACCTCGGTAAACAACAGCATCACCATAGTCACCTTTTTCAAAGGTGTACTCTCCTATTTGTACTTTACTGTTTTTAG,12964,13105,141,1,0.002,,
527,ATGAAAGATGTAATTCTCTGTCAGACAGCACTTCACGTACAGTAG,13168,13213,45,1,0.001,,
528,ATGTCTCCTCAGTAG,13234,13249,15,1,0.0,,
529,ATGTTGCAATTGCATTAA,13333,13351,18,1,0.0,,
530,ATGTATTTTTATATAAACCAAAAACTTGTCCATTAG,13378,13414,36,1,0.001,,
531,ATGGAAAACTAA,13420,13432,12,1,0.0,,
532,ATGTTGATATGA,13555,13567,12,1,0.0,,
533,ATGGTCTACGTATGCAAGCACCACATCTTAATGAAGTCTGTGAATTGCAAAGAACACAAGCCCCAACAGCCTGTAAGACTGTATGCGGTGTGTACATAG,13597,13696,99,1,0.002,,
534,ATGGATCTGGGTAAGGAAGGTACACATAATCATCACCCTGTTTAA,13960,14005,45,1,0.001,,
535,ATGCATAAGTGCTATTGA,14149,14167,18,1,0.0,,
536,ATGCGTAAAACTCATTCACAAAGTCTGTGTCAACATCTCTATTTCTATAGAGACACTCATAAAGTCTGTGTTGTAAATTGCGGACATACTTATCGGCAATTTTGTTACCATCAGTAG,14221,14338,117,1,0.002,,
537,ATGAGGTTCCACCTGGTTTAA,14419,14440,21,1,0.0,,
538,ATGCGAAAAGTGCATCTTGATCCTCATAACTCATTGAATCATAATAAAGTCTAG,14875,14929,54,1,0.001,,
539,ATGGAAAACCAGCTGATTTGTCTAGGTTGTTGA,14947,14980,33,1,0.001,,
540,ATGGAACACCATCAACAAATATTTTTCTCACTAGTGGTCCAAAACTTGTAG,15445,15496,51,1,0.001,,
541,ATGTCTGATCCCAATATTTAA,15583,15604,21,1,0.0,,
542,ATGAATAATAAGAATCTACAACAGGAACTCCACTACCTGGCGTGGTTTGTATGA,15745,15799,54,1,0.001,,
543,ATGTCAGTACACCAACAATACCAGCATTTCGCATGGCATCACAGAATTGTACTGTTTTTAACAAAGCTTGGCGTACACGTTCACCTAAGTTGGCGTATACGCGTAATATATCTGGGTTTTCTACAAAATCATACCAGTCCTTTTTATTGA,15844,15994,150,1,0.002,,
544,ATGTGA,16018,16024,6,1,0.0,,
545,ATGTGTCACAATTACCTTCATCAAAATGCCTTAAAGCATAGACGAGGTCTGCCATTGTGTATTTAG,16039,16105,66,1,0.001,,
546,ATGATCTATGTGGCAACGGCAGTACAGACAACACGATGCACCACCAAAGGATTCTTGATCCATATTGGCTTCCGGTGTAACTGTTATTGCCTGACCAGTACCAGTGTGTGTACACAACATCTTAACACAATTAGTGATTGGTTGTCCCCCACTAGCTAG,16630,16789,159,1,0.002,,
547,ATGCTTATGTTTGACAAACATCATTGCAAAAGCAGACATAGCAATAATACCCATAGCAAAAGGTAA,18739,18805,66,1,0.001,,
548,ATGGTCTTGTGTTAG,19111,19126,15,1,0.0,,
549,ATGAACTCCAGTTGGTAA,19333,19351,18,1,0.0,,
550,ATGGTGCATGTAACAAAAAGAGACACAGTCATAATCTATGTTAAAACCAACACTACCACATGA,19357,19420,63,1,0.001,,
551,ATGTCCAATAACCCTGAGTTGAACATTACCAGCCTGTACCAAGAAATTATGATTAGACTTACGAATGAGTAA,19609,19681,72,1,0.001,,
552,ATGTCTTGGACAGTAAACTACGTCATCAAGCCAAAGACCGTTAAGTGTAGTTGTACCACAAGTTACTTGTACCATACAACCCTCAACTTTACCAGATGGGAATGCCATTTTTCTAAAACCACTCTGCAAAACAGCTGA,19726,19864,138,1,0.002,,
553,ATGACAACAAGCAGCTTCTCTGTAGCTAGTTGTATCCATTGCTCCACTAAAATACTTGTACTTATTATAAAGAGCTAA,19939,20017,78,1,0.001,,
554,ATGCTTTGTGGAAATACAAATGATATAAGCAATTGTTATCCAGAAAGGTACTAA,20182,20236,54,1,0.001,,
555,ATGTGCTAA,20263,20272,9,1,0.0,,
556,ATGACTGTATTCACCAAAAGCTCTTCTAAACCTCATAAAATAGTAGGCAAGGCATGTTACTACGATAGCTACAATACCACCAGCTACTATAGATGCTGA,20410,20509,99,1,0.002,,
557,ATGCAAAAAGTCACCATTAGTTGTGCGTAA,20989,21019,30,1,0.0,,
558,ATGTTTGTTAGCAAAACAAGTATCTGTAGATGCTATGTCACGAGTGACACCACCATCAATAGCCTTGTATCCTATGATTTCACTTGA,21145,21232,87,1,0.001,,
559,ATGTTTAGACATGACATGAACAGGTGTTATTAA,21241,21274,33,1,0.001,,
560,ATGACGCGCACTACAGTCAATACAAGCACCAAGGTCACGGGGTGTCATGTTTTCAACTTTGTTATAGGTGAGCATATAGTTATTACAACTATCGCCAGTAACTTCTATGTCAGATTGATGTGA,21544,21667,123,1,0.002,,
561,ATGAGAGAGAGAATGTCTTTCATAAGTCTTTTGACCAGCTTTATCAAAGTAAAGATGGATGGAACCATTCTTCACTGTAACACTATCAACGATGTAAGAAGACTGGTCAGTAGGATTTATTGGTCTTTTAAACTGTAG,22078,22216,138,1,0.002,,
562,ATGCACATAACTTTTCCATACATAATAAAATGA,22441,22474,33,1,0.001,,
563,ATGTACTGCAAAATAGCTGAAAAACAATTGCATGATTGCAGCCAATCCAAGTACATAGAAAAACCTAGTGAAAAGAATATATGCCAAAAACCACTCTGCAACTAA,22567,22672,105,1,0.002,,
564,ATGAGTAGCAAGGGTTTTCAAACCTAA,23263,23290,27,1,0.0,,
565,ATGCCAAACAATAGGTTTATGTAA,23659,23683,24,1,0.0,,
566,ATGTTTATAGTGACCACACTGGTAATTACCAGTGTACTCACTAGCACAAGTAAATGTACCATGCTTAAGTTCATACTGAGCAGGTGGTGCTGA,24124,24217,93,1,0.001,,
567,ATGTTGAAACAAGTAACTCATTGTTTCTCTAACATCACCTAA,24424,24466,42,1,0.001,,
568,ATGTGA,24799,24805,6,1,0.0,,
569,ATGAGGTTTTATTTTAGTAACATCAGCTCCATCCAAATAAGTTGGACCAAACTGTTGTCCATATGTCATTGA,24808,24880,72,1,0.001,,
570,ATGTTCTTCAGGTGTTTTAGAAGAAGAAGTAAGATAACCATTATACGCTGTAACAGCATCAGGTGA,25138,25204,66,1,0.001,,
571,ATGTGTTACATAGCCAAGTGGCATTGTAACAAGAGTTTCATTTAG,25273,25318,45,1,0.001,,
572,ATGTGCAAGCATTTCTCGCAAATTCCAAGAAACAGTTCCAAGAATTTCTTGCTTCTCATTAGAGATAATAGATGGTAG,25495,25573,78,1,0.001,,
573,ATGAAGATTGCCATTAATGTCAATATAAAGTAA,25846,25879,33,1,0.001,,
574,ATGTATAGGGTCAGCACCAAAAATACCAGCTGA,26158,26191,33,1,0.001,,
575,ATGAAGACAGTGTTTAGCAAGATTGTGTCCGCTTAA,26290,26326,36,1,0.001,,
576,ATGTTTAAGGTAAACATTGGCTGCATTAACAACCACTGTTGGTTTTACCTTTTTAGCTTCTTCCACAATGTCTGCATTTTTAATGTATACATTGTCAGTAAGTTTTAA,26437,26545,108,1,0.002,,
577,ATGTGA,26881,26887,6,1,0.0,,
578,ATGGTTACAACCTATGTTAGCGCTAGCACGTGGAACCCAATAGGCACACTTGTTATGGCAACCAACATAAGAGAACACACAGCCTCCAAAGGCAATAGTGCGACCACCCTTACGAAGAATGGTTTTCAAGCCAGATTCATTATGGTATTCGGCAAGACTATGCTCAGGTCCTACTTCTGA,28333,28513,180,1,0.003,,
579,ATGATCACACTTCATGAGAGTTGA,28663,28687,24,1,0.0,,
580,ATGCTCATGTTCACGGCAGCAGTATACACCCCTCTTAGTGTCAATAAAGTCCAGTTGTTCGGACAAAGTGCATGA,28930,29005,75,1,0.001,,
581,ATGTTTAGTGTTCCAGTTTTCTTGAAAATCTTCATAAGGATCAGTGCCAAGCTCGTCGCCTAA,29143,29206,63,1,0.001,,
582,ATGGCCACCAGCTCCTTTATTACCGTTCTTACGAAGAAGAACCTTGCGGTAAGCCACTGGTATTTCGCCCACATGAGGGACAAGGACACCAAGTGTCTCACCACTACGACCGTACTGAATGCCTTCGAGTTCTGCTACCAGCTCAACCATAACATGACCATGAGGTGCAGTTCGAGCATCCGAACGTTTGATGAACACATAGGGCTGTTCAAGTTGAGGCAAAACGCCTTTTTCAACTTCTACTAA,29236,29482,246,1,0.004,,
583,ATGTTGACGTGCCTCTGA,29503,29521,18,1,0.0,,
584,ATGTGCTGA,29671,29680,9,1,0.0,,
585,ATGTAG,266,272,6,2,0.0,,
586,ATGGATTGTTGCAATTGTTTGGAGAAATCATCCAAATCTGCAGCAGGAAGAAGAGTCACAGTTTGCTGTTTCTTCTGTCTCTGCGGTAAGGCTTGA,398,494,96,2,0.001,,
587,ATGACTTGA,578,587,9,2,0.0,,
588,ATGGCACCTGTGTAG,620,635,15,2,0.0,,
589,ATGCCAATGCGCGACATTCCGAAGAACGCTGAAGCGCTGGGGGCAAATTGTGCAATTTGCGGCCAATGTTTGTAA,665,740,75,2,0.001,,
590,ATGTGA,1193,1199,6,2,0.0,,
591,ATGATGCCGTCTTTGTTAGCACCATAG,1238,1265,27,2,0.0,,
592,ATGCGGGGTGCATTTCGCTGA,1586,1607,21,2,0.0,,
593,ATGGTTGATGTTGAGTACATGACTGTAAACTACATTCTTGGTGAAATGCAGCTACAGTTGTGA,1919,1982,63,2,0.001,,
594,ATGAAAGTTCAATCATTCTGTCTTTCTTTTGAGTGTGAAGCAAAGTGTTATAAACACTATTGCCGCAACAATAAGAAAAATTGGAGAGTAAAGTTCTTGAACTTCCTCTTGTCTGATGAACAGTTTAGGTGA,2132,2264,132,2,0.002,,
595,ATGAAATGGTGA,2369,2381,12,2,0.0,,
596,ATGAAACATCTGTTGTCACTTACTGTACAAGCAAAGCAATATTGTCACTGCTACTGGAATGGTCTGTGTTTAATTTATAGTTGCCAATCCTGTAGCGACTGTATGCAGCAAAACCTGAGTCACCTGCTACACGCTGCGAAGCTCCCAATTTGTAATAAGAAAGCGTTCGTGATGTAG,2693,2870,177,2,0.003,,
597,ATGACCACATGGAACGCGTACGCGCAAACAGTCTGA,3047,3083,36,2,0.001,,
598,ATGTAA,3290,3296,6,2,0.0,,
599,ATGTTCTTCAGGCTCATCAACAATTTTATTGTAGATGAAGAAGGTAACATGTTCAACACCAGTGTCTGTACTCAATTGAGTTGA,3782,3866,84,2,0.001,,
600,ATGTTCAGAAATAGGACTTGTTGTGCCATCACCTGA,3965,4001,36,2,0.001,,
601,ATGCCAGCAAAGAAAATAGTTGGCATCATAAAGTAA,4061,4097,36,2,0.001,,
602,ATGGCAATCAAGCCAGCTATAAAACCTAGCCAAATGTACCATGGCCATTTTATATACTGCTCATACTTTCCAAGTTCTTGGAGATCGATGAGAGATTCATTTAAATTCTTGGCAACCTCATTGAGGCGGTCAATTTCTTTTTGA,4661,4805,144,2,0.002,,
603,ATGTTTACAACTGAAGCATTAATGCCAGAGATGTCACCTAAATCAACATCTGGTGATGTATGA,4805,4868,63,2,0.001,,
604,ATGATTTGTGGTTCATAA,4997,5015,18,2,0.0,,
605,ATGGCAGGAGCAGTTGTGAAGTTCTTTTCTTGTGCAGGGACATAA,5099,5144,45,2,0.001,,
606,ATGAGGTCTCTAGCAGCAATATCACCAAGGCAATCACCATATTGTTTGATGAAGCCAGCATCTGCAAGTGTCACTTTGTTGAAAAGTAGATCTTCAATAAATGACCTCTTGCTTGGTTTTGATGGATCTGGTAATATTTGTGAAAAATTAAAACCACCAAAATCTTTAATTGGTGGTGTTTTGTAA,5792,5978,186,2,0.003,,
607,ATGTACATTGTACAATCTACTGATGTCTTGGTCATAGACACTGGTAGAATTTCTGTGGTAACACTAATAGTAAAATTTGTGGGTATGGCAATAGAGTTATTAGAGTAA,6116,6224,108,2,0.002,,
608,ATGATGGATTGA,6263,6275,12,2,0.0,,
609,ATGGGTATGTCACACTCATATGAGTTGTTGACATGTTCAGCCCCTATTAAACAGCCTGCACGTGTTTGA,6344,6413,69,2,0.001,,
610,ATGTCAAGAATCTCAAGTGTCTGTGGATCACGGACAGCATCAGTAGTGTCAGCAATGTCTCTGCCAAATTGTTGGAAAGGCAGAAACTTTTTGTTAGACTCAGTAAGAACACCTGTGCCTGTTAAACCATTGAAGTTGAAATTGACACATTTGTTTTTAACCAAATTAGTAGACTTTTTAGGTCCACAAACAGTTGCTGGTGCATGTAGAAGTTCAAAAGAAAGTACTACTACTCTGTATGGTTGGTAA,6581,6830,249,2,0.004,,
611,ATGGTTCCATTTTCATTATATTTTAATAGAAAAGTCCTAGGTTGA,7487,7532,45,2,0.001,,
612,ATGTTAATACCTATTGGCAAATCTACCAATGGTTCTAAAGCCGAAAAACCCTGA,7637,7691,54,2,0.001,,
613,ATGTTAGACTTCTCAGTGGAAGCAAAATAA,8042,8072,30,2,0.0,,
614,ATGCATGACATAACCATCTATTTGTTCGCGTGGTTTGCCAAGATAATTACATCCAATTAA,8570,8630,60,2,0.001,,
615,ATGTTCTGTTATCTTTATAGCCACGGAACCTCCAAGAGCTAG,8723,8765,42,2,0.001,,
616,ATGTACAGTTGCACAATCACCAATCAAAGTTGA,8888,8921,33,2,0.001,,
617,ATGTATAACTCTCATATTATAGGGTACAGCTAA,9038,9071,33,2,0.001,,
618,ATGGCCATCTTTACACCAAAGCATAAATGA,9272,9302,30,2,0.0,,
619,ATGTAA,9536,9542,6,2,0.0,,
620,ATGACTAAAATCTCCATAAACGATATGTTCGAAGGCATAGCCTTCTAA,9557,9605,48,2,0.001,,
621,ATGTGCTGGAGCATCTCTTTTGTAGTCCCAGATCACAGTATTAGCAGCAATGTCCACACCCAAATTATTGAGTATTTTCACCTCTGGTACTGGTTTAATGTTGCGCTTAGCCCAAAGCTCAAATGCTACATTAACAGGTAA,9998,10139,141,2,0.002,,
622,ATGATGTCTACAGACAGCACCACCTAA,10403,10430,27,2,0.0,,
623,ATGAGACTCACATGGACTGTCAGAGTAATAGAAAAATGGTAA,10499,10541,42,2,0.001,,
624,ATGTTTATTTACATACAAACTGCCACCATCACAACCAGGCAAGTTAAGGTTAGATAG,10592,10649,57,2,0.001,,
625,ATGTGTGGCATAAGAATAGAATAA,10745,10769,24,2,0.0,,
626,ATGTGCATTACCATGGACTTGACAATACAGATCATGGTTGCTTTGTAG,11060,11108,48,2,0.001,,
627,ATGATGCCAACAGGCATAAGTGTCTGA,11177,11204,27,2,0.0,,
628,ATGTGCCCATAA,11300,11312,12,2,0.0,,
629,ATGACACCCCTCGACATCGAAGCCAATCCATGCACGTACATGTCTTATAGCTTCTTCGCGGGTGATAAACATGTTAGGGTAACCATTAACTTGATAATTCATTTTAAAACCCATCATAGAGATGAGTCTTCTATAGGTCATGTCCTTAGGTATGCCAGGTATGTCAACACATAA,11579,11753,174,2,0.003,,
630,ATGTAA,11807,11813,6,2,0.0,,
631,ATGCGTGATAACACCCTTATAAAACATTTTAAAGCATTGAGCTGA,12221,12266,45,2,0.001,,
632,ATGTGCTTTAAGCTTATTATCATAAACCAAAGCACTCACAGTGTCAACAATTTCAGCAGGACAACGCCGACAAGTTCCGAGGAACATGTCTGGACCTATAGTTTTCATAAGTCTACACACTGA,12275,12398,123,2,0.002,,
633,ATGAGAGCAAGCTGTATACACTATGCGAGCAGAAGGGTAGTAGAGAGCTAG,12734,12785,51,2,0.001,,
634,ATGACTCTTACCAGTACCAGGTGGTCCCTGGAGTGTAGAATACTTTTGCATACCAACCTTTTGATAATTTGCAACATTGCTAGAAAACTCATCTGA,12797,12893,96,2,0.001,,
635,ATGTGA,12977,12983,6,2,0.0,,
636,ATGTAA,13175,13181,6,2,0.0,,
637,ATGTGA,13442,13448,6,2,0.0,,
638,ATGTGA,13550,13556,6,2,0.0,,
639,ATGGTCGTAACAGCATTTACAACATAA,13568,13595,27,2,0.0,,
640,ATGCGGTGTGTACATAGCCTCATAAAACTCAGGTTCCCAATACCTTGA,13679,13727,48,2,0.001,,
641,ATGTAG,13787,13793,6,2,0.0,,
642,ATGAAAGACATCAGCATACTCCTGATTAGGATGTTTAGTAAGTGGGTAAGCATCTATAGCTAA,13817,13880,63,2,0.001,,
643,ATGTTGAGAGCAAAATTCATGAGGTCCTTTAGTAAGGTCAGTCTCAGTCCAACATTTTGCTTCAGACATAAAAACATTGTTTTGATAATAAAGAACTGA,14015,14114,99,2,0.002,,
644,ATGTTTACGCAAATATGCGTAAAACTCATTCACAAAGTCTGTGTCAACATCTCTATTTCTATAGAGACACTCATAAAGTCTGTGTTGTAA,14207,14297,90,2,0.001,,
645,ATGTTTGCGAGCAAGAACAAGTGA,14537,14561,24,2,0.0,,
646,ATGAAACTGTCTATTGGTCATAGTACTACAGATAGAGACACCAGCTACGGTGCGAGCTCTATTCTTTGCACTAATGGCATACTTAAGATTCATTTGAGTTATAGTAGGGATGACATTACGTTTTGTATATGCGAAAAGTGCATCTTGATCCTCATAACTCATTGA,14747,14912,165,2,0.003,,
647,ATGTAA,15377,15383,6,2,0.0,,
648,ATGTACAACACCTAG,15398,15413,15,2,0.0,,
649,ATGCAGAATGCATCTGTCATCCAAACAGTTAACACAATTTGGGTGGTATGTCTGATCCCAATATTTAAAATAACGGTCAAAGAGTTTTAA,15536,15626,90,2,0.001,,
650,ATGTGA,15695,15701,6,2,0.0,,
651,ATGCCTTAA,16064,16073,9,2,0.0,,
652,ATGTGGTACCATGTCACCGTCTATTCTAAACTTAAAGAAGTCATGTTTAGCAACAGCTGGACAATCCTTAAGTAA,16124,16199,75,2,0.001,,
653,ATGTTGGTAGTTAGAGAAAGTGTGTCTCTTAACTACAAAGTAAGAATCAATTAA,16217,16271,54,2,0.001,,
654,ATGGGTTCGCGGAGTTGA,16469,16487,18,2,0.0,,
655,ATGTGGCAACGGCAGTACAGACAACACGATGCACCACCAAAGGATTCTTGA,16637,16688,51,2,0.001,,
656,ATGACAACCATTAGTTTGGCTGCTGTTGTAAGAGGTATTATGTTCAAGGGAACACAACCATCTCTTGCATTGTTGATAATGTTGTTGAGTGCATCATTATCCAACTTTCTAAGCATAGTGAAAAGCATTGTCTGCATAGCACTAGTAACTTTTGCCCTCTTGTCCTCAGATCTAGCCTGTTTATACATTTGGGTCATAGCTTGA,17417,17621,204,2,0.003,,
657,ATGGCTGCATCACGGTCAAATTCAGATTTAGCCACATTCAAAGACTTCTTCAACTTTTTAAGAACAACTTCAGAATCACCATTAGCAACAGCCTGCTCATAA,17648,17750,102,2,0.002,,
658,ATGTCTACAGCACCCTGCATGGAAAGCAAAACAGAAAGTAGTGAAACCATTTTTTCAAAGGCTTCAGTAGTATCTTTAGCTAAGAGAATGTCATTGTGTAACTGGACACATTGA,17858,17972,114,2,0.002,,
659,ATGTTGAGTTTGAAGGCATCTATGCTATTCTTGGGTGGGAGTAGTCCCTGTGAATTCATATATCTAAACTCCTGTGTAGAAACTAAGTAA,18113,18203,90,2,0.001,,
660,ATGAAGAAAATAGGGCAATACTCAACACACATAAAAACAATACCTCTGGCCAAAAACATGACAGTTGTAACTACACCTGAGTAG,18326,18410,84,2,0.001,,
661,ATGGAAATGGCTTGA,18440,18455,15,2,0.0,,
662,ATGGTACGTCCATTCATACCATTTTGCAGTAATTCTTTTAATGAAGCACACATATCTAAAACGGCAATTCCAGTTTGA,19007,19085,78,2,0.001,,
663,ATGTCAACATGGTCTTGTGTTAGAGGTTCATAA,19103,19136,33,2,0.001,,
664,ATGTAA,19364,19370,6,2,0.0,,
665,ATGTTAAAACCAACACTACCACATGAACCATTAAGGAATGAACCCTTAATAGTGAAATTGGGCCTCATAGCACATTGGTAA,19394,19475,81,2,0.001,,
666,ATGCGAACAAACTTATACTTAGGTGTCTTAGGATTGGCTGTATCAACCTTAAGCTTAAGTACACAATTTTGCATAGAATGTCCAATAACCCTGAGTTGA,19532,19631,99,2,0.002,,
667,ATGAGTAAATCTTCATAA,19673,19691,18,2,0.0,,
668,ATGTCTTCAGAGGTGCAGATCACATGTCTTGGACAGTAA,19703,19742,39,2,0.001,,
669,ATGATATAA,20201,20210,9,2,0.0,,
670,ATGTCCAAAGCACCAATAGGTTGA,20510,20534,24,2,0.0,,
671,ATGAGCACATAA,20768,20780,12,2,0.0,,
672,ATGTTACCAACTGCACTAAAAACTCTAGGTAAGAAATGCAAAAAGTCACCATTAGTTGTGCGTAATATCGTGCCAGGCAAACCAGGCACGACAAAACCCACTTCTCTTGTTATGACTGCAGCAATCAATGGGCAAGCTTTGTCATTAGTATAA,20954,21107,153,2,0.002,,
673,ATGTCACGAGTGACACCACCATCAATAGCCTTGTATCCTATGATTTCACTTGAAAAGTCAGTATGTTTAGACATGACATGA,21179,21260,81,2,0.001,,
674,ATGAAATCTTTAACGTTCCATATCAAAGCAATGTTGTGA,21482,21521,39,2,0.001,,
675,ATGTTTTCAACTTTGTTATAG,21590,21611,21,2,0.0,,
676,ATGTCAGATTGA,21650,21662,12,2,0.0,,
677,ATGGAACCATTCTTCACTGTAACACTATCAACGATGTAA,22136,22175,39,2,0.001,,
678,ATGTACATTCTAACCATAGCTGAAATCGGGGCCATTTGTACAAGATTAATTATTAACCACATAAGCCAAGAATTACTAATAAAATGTACTGCAAAATAG,22484,22583,99,2,0.002,,
679,ATGATTGCAGCCAATCCAAGTACATAG,22598,22625,27,2,0.0,,
680,ATGGTAATTTGTATAGTTTCTAAAGAAGGATAG,22706,22739,33,2,0.001,,
681,ATGCCTAAATTAGACATTAAAACACCTAAAGCAGCGGTTGAGTAG,22862,22907,45,2,0.001,,
682,ATGTTAGTAGTTGTACTAACAACTTTGTTAAGAAAAGGCTTAGCATAA,23171,23219,48,2,0.001,,
683,ATGTCTCCTACAACTTCGGTAGTTTTCACATTACACTCAAGAACGTCTTTCTGTATGGTAGGATTTTCCACTACTTCTTCAGAGACTGGTTTTAGATCTTCGCAGGCAAGATTATCCATTCCCTGCGCGTCCTCTGACTTCAGTACATCAAACGAATTTGATGTTTCAACTGGTTTTGTGCTCCAAAGACAACGTATACACCAGGTATTTGGTTTATACGTGGCTTTATTAGTTGCATTGTTAACATGCCAAACAATAGGTTTATGTAACAATTTAGCTCCTTTCTTAAAAGAGGGTGTGTAG,23414,23717,303,2,0.005,,
684,ATGGTTGTTGTGTAA,24008,24023,15,2,0.0,,
685,ATGCAATACAAAGTTTCTTTAGAAGTTATATGTTTATAG,24095,24134,39,2,0.001,,
686,ATGTACATAACAGCTTCTACACCCTTAAGGGTTGTCTGCTGTTGTCCACAAGTTTTACACACCACGTTCAAGACTCTTTTGCAAGAATCTAAATTGGCATGTTGA,24326,24431,105,2,0.002,,
687,ATGTACCTACCCAGAAAACTAGGATCAGTTGTGTGGTAG,24698,24737,39,2,0.001,,
688,ATGTCCACAACTTGCGTGTGGAGGTTAATGTTGTCTACTGTTGTAAACACCTTAATAGTCCTCACTTCTCTCAAAGAAAGAAGTGTCTTAAGATTGTCAAAGGTGATAACTTCACCATCTAGGTGGAATGTGGTAGGATTACTAGTGTAA,24881,25031,150,2,0.002,,
689,ATGGTTTCAATAAAATGTTCTTCAGGTGTTTTAGAAGAAGAAGTAAGATAA,25124,25175,51,2,0.001,,
690,ATGGCTTTAGTTTCCACACAGACAGGCATTAATTTGCGTGTTTCTTCTGCATGTGCAAGCATTTCTCGCAAATTCCAAGAAACAGTTCCAAGAATTTCTTGCTTCTCATTAGAGATAATAGATGGTAGAATGTAA,25445,25580,135,2,0.002,,
691,ATGTCAATGTCACTAACAAGAGTGGCAGAATCTGGATGA,25811,25850,39,2,0.001,,
692,ATGTCAATATAA,25862,25874,12,2,0.0,,
693,ATGTCTTCACCTTTGTTAACATTTGGGCCGACAACATGA,26255,26294,39,2,0.001,,
694,ATGTAA,26366,26372,6,2,0.0,,
695,ATGGCATTGTTAGTAGCCTTATTTAAGGCTCCTGCAACACCTCCTCCATGTTTAAGGTAA,26390,26450,60,2,0.001,,
696,ATGTCTGCATTTTTAATGTATACATTGTCAGTAAGTTTTAAATAA,26504,26549,45,2,0.001,,
697,ATGCCCAGTGGTGTAAGTAATTCAGATACTGGTTGCAAAGTTTTTATGACAGCATCTGCCACAACACAGGCGAACTCATTTACTTCTGTACCGAGTTCAACTGTATAG,26954,27062,108,2,0.002,,
698,ATGAGTAGGCCAGTTTCTTCTCTGGATTTAACACACTTTCTGTACAATCCCTTTGAGTGCGTGACAAATGTTTCACCTAAATTCAAGGCTTTAAGTTTAGCTCCACCAATAATGATAGAGTCAGCACACAAAGCCAAAAATTTATTTACAAGCTTAAAGAATGTCTGA,27446,27614,168,2,0.003,,
699,ATGTTAGTTAGCCACTGCGAAGTCAACTGA,27791,27821,30,2,0.0,,
700,ATGTAG,27836,27842,6,2,0.0,,
701,ATGAGTCTCAGTGAATACTGTGAAATTCCATCTAGTATTGTTATAGCGGCCTTCTGTAAAACACGCACAGAATTTTGA,27896,27974,78,2,0.001,,
702,ATGGCGATCTCTTCATTAAGTTTAAAGTCACCAACAATATTGATGTTGACTTTCTCTTTTTGGAGTATTTCAAGAAGGTTGTCATTAAGACCTTCGGAACCTTCTCCAACAACACCTGTATGGTTACAACCTATGTTAGCGCTAGCACGTGGAACCCAATAG,28214,28376,162,2,0.003,,
703,ATGGTTTTCAAGCCAGATTCATTATGGTATTCGGCAAGACTATGCTCAGGTCCTACTTCTGAATTGTGA,28451,28520,69,2,0.001,,
704,ATGAGAGTTGAAAGGCACATTTGGTTGCATTCATTTGGTGACGCAACTGGATAG,28676,28730,54,2,0.001,,
705,ATGGAATTTAAGGGAAATACAAAATTTGGACATTCCCCATTGAAGGTGTCAAATTTCTTTGCCAATTTAATTTCAAAAGGTGTCTGCAATTCATAG,28799,28895,96,2,0.001,,
706,ATGCACTCAAGAGGGTAG,29036,29054,18,2,0.0,,
707,ATGAGTTCACGGGTAACACCACTGCTATGTTTAGTGTTCCAGTTTTCTTGA,29117,29168,51,2,0.001,,
708,ATGCCTTCGAGTTCTGCTACCAGCTCAACCATAACATGA,29354,29393,39,2,0.001,,
709,ATGAACACATAG,29426,29438,12,2,0.0,,
710,ATGCAGCCGAGTGACAGCCACACAGATTTTAAAGTTCGTTTAGAGAACAGATCTACAAGAGATCGAAAGTTGGTTGGTTTGTTACCTGGGAAGGTATAA,29795,29894,99,2,0.002,,
